//thumbnail6.coupangcdn.com/thumbnails/remote/230x230ex/image/vendor_inventory/c9e7/4444cd9deef815a103b032d60f332053d8f3237c4ffcf3625e09aaaacfb8.jpg,마켓메이트 라운드넥 캐시미어 니트 15컬러 여성 베이직 간절기 가을 겨울 봄 여자 기본니트,22900
//thumbnail6.coupangcdn.com/thumbnails/remote/230x230ex/image/retail/images/8404309041487-7f176d4f-6fbd-402d-b040-752d7655f977.jpg,제니트 여성용 부드러운 비스코스 윌스보들라운드 니트,16900
//thumbnail6.coupangcdn.com/thumbnails/remote/230x230ex/image/rs_quotation_api/qoclupn9/d3fdc78db16f4f5ba6fb6b54bbd68d83.jpg,제니트 여성용 슬림핏 단추 브이넥 니트,15900
//thumbnail10.coupangcdn.com/thumbnails/remote/230x230ex/image/vendor_inventory/d12f/367f5dd3c4a9b04b3ad2918ae4ffaa5890d4ec6d7778a87fd92152a17a78.jpg,상상그이상 여성용 촉감왕 기본 브이넥 캐시미어 니트,19900
//thumbnail7.coupangcdn.com/thumbnails/remote/230x230ex/image/vendor_inventory/c02f/f637b652d8431f8fa99cdda8a39186eeb971b5366a169aa672fe5bf1bc9b.jpg,0 velys 2type 컬러 브이넥 니트 티셔츠 CJT0180,6900
//thumbnail7.coupangcdn.com/thumbnails/remote/230x230ex/image/vendor_inventory/9187/0107e9789a95fc85617bc7fd9422a1cc8871ea1f241b718941eae9af3097.jpg,남녀공용 커플 꽈배기 케이블 라운드 니트 22컬러,19900
//thumbnail7.coupangcdn.com/thumbnails/remote/230x230ex/image/retail/images/2021/01/27/18/0/e1b7afc4-89f4-44d3-a68e-3140092e1c24.jpg,제니트 여성용 망고트리니트,14900
//thumbnail9.coupangcdn.com/thumbnails/remote/230x230ex/image/retail/images/608235844567554-0990b716-deaf-46fe-b562-24681a8f0f47.jpg,캐럿 여성용 카라 스웨터,16900
//img1a.coupangcdn.com/image/coupang/search/blank1x1.gif,말로 소프트 단가라 반팔니트,25900
//img1a.coupangcdn.com/image/coupang/search/blank1x1.gif,제니트 봄 가을 루즈핏 여성 기본 브이넥 예쁜 니트 니트티 가을니트,13900
//img1a.coupangcdn.com/image/coupang/search/blank1x1.gif,제니트 가을 봄 여성 기본 라운드 니트 여성니트 가을니트 니트티,12900
//img1a.coupangcdn.com/image/coupang/search/blank1x1.gif,제니트 부드러운 촉감 브이넥 니트 가을 봄 여성,16900
//img1a.coupangcdn.com/image/coupang/search/blank1x1.gif,제니트 여성용 기본핏 라운드넥 골지 샤링셔링소매 니트,19900
//img1a.coupangcdn.com/image/coupang/search/blank1x1.gif,캐럿 여성용 모크넥 스웨터,15900
//img1a.coupangcdn.com/image/coupang/search/blank1x1.gif,캐럿 여성용 브이넥 롱 스웨터,14900
//img1a.coupangcdn.com/image/coupang/search/blank1x1.gif,타니즈 오픈숄더 스퀘어넥 에이블 여성니트,19900
//img1a.coupangcdn.com/image/coupang/search/blank1x1.gif,바이단미 여성용 봄신상 루즈핏 입술넥 보트넥 언발 니트,18900
//img1a.coupangcdn.com/image/coupang/search/blank1x1.gif,제니트 여성용 베이직 캐시미어 브이넥 니트,22900
//img1a.coupangcdn.com/image/coupang/search/blank1x1.gif,캐럿 여성용 목폴라 터틀넥 니트 스웨터,14900
//img1a.coupangcdn.com/image/coupang/search/blank1x1.gif,제니트 가을 봄 여성 루즈핏 퍼프소매 카라 니트 여성니트 봄니트 가을니트,18900
//img1a.coupangcdn.com/image/coupang/search/blank1x1.gif,캐럿 여성용 브이넥 니트,16900
//img1a.coupangcdn.com/image/coupang/search/blank1x1.gif,타니즈 제르미 브이넥 오버핏 여성 니트 티,17900
//img1a.coupangcdn.com/image/coupang/search/blank1x1.gif,캐럿 여성용 스트라이프 스웨터,14900
//img1a.coupangcdn.com/image/coupang/search/blank1x1.gif,제니트 여성용 기본핏 베이직 페일라운드 니트,17900
//img1a.coupangcdn.com/image/coupang/search/blank1x1.gif,바이단미 여성용 간절기 봄 파스텔 벌룬 루즈핏 니트,19900
//img1a.coupangcdn.com/image/coupang/search/blank1x1.gif,공블리 여성용 V넥 베이직 니트,11900
//img1a.coupangcdn.com/image/coupang/search/blank1x1.gif,캐럿 여성용 믹스 패턴 니트,14900
//img1a.coupangcdn.com/image/coupang/search/blank1x1.gif,데일로엔 여성용 컬러 배색 팔꿈치 패치 포인트 라운드 긴팔 니트,13900
//img1a.coupangcdn.com/image/coupang/search/blank1x1.gif,상상그이상 여성용 자수 레이스 카라 니트,20900
//img1a.coupangcdn.com/image/coupang/search/blank1x1.gif,캐럿 여성용 반목 청키 스웨터,19900
//img1a.coupangcdn.com/image/coupang/search/blank1x1.gif,바이단미 여성용 봄 니트 부드러운 캐시미어 라운드넥,19900
//img1a.coupangcdn.com/image/coupang/search/blank1x1.gif,제니트 꽈배기 크롭 봄 가을 루즈핏 여성 기본 브이넥 니트,13900
//img1a.coupangcdn.com/image/coupang/search/blank1x1.gif,캐럿 여성용 터틀넥 롱 스웨터,18900
//img1a.coupangcdn.com/image/coupang/search/blank1x1.gif,마켓메이트 라운드넥 캐시미어 니트 15컬러 여성 베이직 간절기 가을 겨울 봄 여자 기본니트,22900
//img1a.coupangcdn.com/image/coupang/search/blank1x1.gif,캐럿 여성용 브이넥 꽈배기 스웨터,15900
//img1a.coupangcdn.com/image/coupang/search/blank1x1.gif,타니즈 니모 브이넥 트위드 니트 가디건,19900
//thumbnail6.coupangcdn.com/thumbnails/remote/230x230ex/image/vendor_inventory/c9e7/4444cd9deef815a103b032d60f332053d8f3237c4ffcf3625e09aaaacfb8.jpg,마켓메이트 라운드넥 캐시미어 니트 15컬러 여성 베이직 간절기 가을 겨울 봄 여자 기본니트,22900
//thumbnail6.coupangcdn.com/thumbnails/remote/230x230ex/image/retail/images/8404309041487-7f176d4f-6fbd-402d-b040-752d7655f977.jpg,제니트 여성용 부드러운 비스코스 윌스보들라운드 니트,16900
//thumbnail6.coupangcdn.com/thumbnails/remote/230x230ex/image/rs_quotation_api/qoclupn9/d3fdc78db16f4f5ba6fb6b54bbd68d83.jpg,제니트 여성용 슬림핏 단추 브이넥 니트,15900
//thumbnail10.coupangcdn.com/thumbnails/remote/230x230ex/image/vendor_inventory/d12f/367f5dd3c4a9b04b3ad2918ae4ffaa5890d4ec6d7778a87fd92152a17a78.jpg,상상그이상 여성용 촉감왕 기본 브이넥 캐시미어 니트,19900
//thumbnail7.coupangcdn.com/thumbnails/remote/230x230ex/image/vendor_inventory/c02f/f637b652d8431f8fa99cdda8a39186eeb971b5366a169aa672fe5bf1bc9b.jpg,0 velys 2type 컬러 브이넥 니트 티셔츠 CJT0180,6900
//thumbnail9.coupangcdn.com/thumbnails/remote/230x230ex/image/vendor_inventory/fcb8/4c040158cb0a9b80f109dd244073d305b8f4b37b690bf47c4929cac97e36.jpg,바운스 레너니트 NT2029,4900
//thumbnail7.coupangcdn.com/thumbnails/remote/230x230ex/image/retail/images/2021/01/27/18/0/e1b7afc4-89f4-44d3-a68e-3140092e1c24.jpg,제니트 여성용 망고트리니트,14900
//thumbnail9.coupangcdn.com/thumbnails/remote/230x230ex/image/vendor_inventory/c38c/d631ac1b8d7e256434b159ac4f4bcec3618cb9c3bda087413232a04809e7.jpg,제니트 봄 가을 루즈핏 여성 기본 브이넥 예쁜 니트 니트티 가을니트,13900
//img1a.coupangcdn.com/image/coupang/search/blank1x1.gif,말로 소프트 단가라 반팔니트,25900
//img1a.coupangcdn.com/image/coupang/search/blank1x1.gif,제니트 가을 봄 여성 기본 라운드 니트 여성니트 가을니트 니트티,12900
//img1a.coupangcdn.com/image/coupang/search/blank1x1.gif,제니트 부드러운 촉감 브이넥 니트 가을 봄 여성,16900
//img1a.coupangcdn.com/image/coupang/search/blank1x1.gif,제니트 여성용 기본핏 라운드넥 골지 샤링셔링소매 니트,19900
//img1a.coupangcdn.com/image/coupang/search/blank1x1.gif,캐럿 여성용 브이넥 롱 스웨터,14900
//img1a.coupangcdn.com/image/coupang/search/blank1x1.gif,타니즈 오픈숄더 스퀘어넥 에이블 여성니트,19900
//img1a.coupangcdn.com/image/coupang/search/blank1x1.gif,바이단미 여성용 봄신상 루즈핏 입술넥 보트넥 언발 니트,18900
//img1a.coupangcdn.com/image/coupang/search/blank1x1.gif,제니트 여성용 베이직 캐시미어 브이넥 니트,22900
//img1a.coupangcdn.com/image/coupang/search/blank1x1.gif,제니트 가을 봄 여성 루즈핏 퍼프소매 카라 니트 여성니트 봄니트 가을니트,18900
//img1a.coupangcdn.com/image/coupang/search/blank1x1.gif,캐럿 여성용 브이넥 니트,16900
//img1a.coupangcdn.com/image/coupang/search/blank1x1.gif,타니즈 제르미 브이넥 오버핏 여성 니트 티,17900
//img1a.coupangcdn.com/image/coupang/search/blank1x1.gif,제니트 여성용 기본핏 베이직 페일라운드 니트,17900
//img1a.coupangcdn.com/image/coupang/search/blank1x1.gif,바이단미 여성용 간절기 봄 파스텔 벌룬 루즈핏 니트,19900
//img1a.coupangcdn.com/image/coupang/search/blank1x1.gif,공블리 여성용 V넥 베이직 니트,11900
//img1a.coupangcdn.com/image/coupang/search/blank1x1.gif,데일로엔 여성용 컬러 배색 팔꿈치 패치 포인트 라운드 긴팔 니트,13900
//img1a.coupangcdn.com/image/coupang/search/blank1x1.gif,상상그이상 여성용 자수 레이스 카라 니트,20900
//img1a.coupangcdn.com/image/coupang/search/blank1x1.gif,바이단미 여성용 봄 니트 부드러운 캐시미어 라운드넥,19900
//img1a.coupangcdn.com/image/coupang/search/blank1x1.gif,제니트 꽈배기 크롭 봄 가을 루즈핏 여성 기본 브이넥 니트,13900
//img1a.coupangcdn.com/image/coupang/search/blank1x1.gif,마켓메이트 라운드넥 캐시미어 니트 15컬러 여성 베이직 간절기 가을 겨울 봄 여자 기본니트,22900
//img1a.coupangcdn.com/image/coupang/search/blank1x1.gif,타니즈 니모 브이넥 트위드 니트 가디건,19900
//img1a.coupangcdn.com/image/coupang/search/blank1x1.gif,제니트 가을 봄 여성용 루즈핏 브이넥 롱니트티 여성 니트 롱니트 봄니트,14900
//img1a.coupangcdn.com/image/coupang/search/blank1x1.gif,제이에스 여성용 제나드II 간절기 니트티,13900
//img1a.coupangcdn.com/image/coupang/search/blank1x1.gif,제니트 부드러운 촉감 라운드넥 니트 가을 봄 여성,16900
//img1a.coupangcdn.com/image/coupang/search/blank1x1.gif,여성용 그린라이트 니트,10900
//img1a.coupangcdn.com/image/coupang/search/blank1x1.gif,티탁 여성용 데일리 꽈배기 라운드넥 버터크롬니트,17900
//img1a.coupangcdn.com/image/coupang/search/blank1x1.gif,엔비룩 여성용 퍼스널 루즈 라운드넥 니트,17900
//img1a.coupangcdn.com/image/coupang/search/blank1x1.gif,캐럿 여성용 카라넥 니트,18900
//img1a.coupangcdn.com/image/coupang/search/blank1x1.gif,별천지 여성 브이넥 긴팔티 니트티 긴팔티셔츠 가을 겨울 맨투맨 빅사이즈,16900
//thumbnail10.coupangcdn.com/thumbnails/remote/230x230ex/image/vendor_inventory/a92c/f0dfa4676537e26d00a63a744b10cc13ea3374d43e045fac2024f8aeef53.jpg,댕냥맘 선인장니트티 강아지 옷 고양이 옷 봄 가을 티셔츠,14900
//thumbnail9.coupangcdn.com/thumbnails/remote/230x230ex/image/vendor_inventory/3af6/7cda335a031b1b489f1b7859a70800501d625c10ed45fd1f0380bd496003.jpg,[3일이내출고]인테리어 스위치커버 그래픽스티커 벌레 GD-SS069, 상세페이지 참조",7900
//thumbnail7.coupangcdn.com/thumbnails/remote/230x230ex/image/vendor_inventory/72d2/435f2b79f5222f7dce9be6d6cffe9df1005c35f393afa842730d51e385b6.jpg,인퉽리엇쫘닡 여성 인조 폭스 퍼목도리 3컬러 겨울퍼머플러 &*(#$^%@,32900
//thumbnail9.coupangcdn.com/thumbnails/remote/230x230ex/image/vendor_inventory/df6f/e9070e84f7a6e77f486f99d15c0f1bd2e12298aa820718b0e7129509ed3f.jpg,인퉽리엇쫘닡 노르딕 겨울 숏 니트 비니 모자(4colors) &*(#$^%@,15900
//thumbnail6.coupangcdn.com/thumbnails/remote/230x230ex/image/vendor_inventory/32ea/bbdf82d3a6d1e7ce3040185ad57a6c948a58ac01be0c76a1172ffbb05ff5.JPG,미르미르 남자 하찌 오버핏 오픈 니트 롱 가디건,29900
//thumbnail8.coupangcdn.com/thumbnails/remote/230x230ex/image/vendor_inventory/2174/2ed1b9a206db12d8edaf9f66263f628d6af8c503c00cbcb8e6e9c357bf34.jpg,남자 봄가을 심플 하찌 니트 오버핏 오픈 간절기 롱가디건 3컬러,27900
//thumbnail8.coupangcdn.com/thumbnails/remote/230x230ex/image/vendor_inventory/324f/a17f0da59feb6d965068a1ffbd5d481a9d65c8e2f6b4f362ba3f856b48cc.jpeg,여성용 3파운드 후드 모자 수건 가운 100% 순면.전장 52인치.사냥꾼,143900
//thumbnail10.coupangcdn.com/thumbnails/remote/230x230ex/image/vendor_inventory/0269/8010daab58e25810520dce35a96bf8abf5ff6141035509d8fd1cedd00b5e.jpg,스포츠 반바지 남자 농구 반바지 러닝팬츠 레저 슬랙스 트레이닝 팬츠 니트면 3 부 팬츠 연그레이 3XL,16900
//img1a.coupangcdn.com/image/coupang/search/blank1x1.gif,무화학약품 린넨 내츄럴 & 화이트 도트 시리즈, 큰 도트(5mm)",3900
//img1a.coupangcdn.com/image/coupang/search/blank1x1.gif,JC 2 In 1 Unisex Baby Soft Warm 니트 모자 & 스카프 겨울 세트 0-3T,8900
//img1a.coupangcdn.com/image/coupang/search/blank1x1.gif,블랙 앤 화이트 포인트 긴팔 간절기 니트 스웨터 슬림 핏 화이트 정장 바지 상하의 세트 투피스 오피스 룩,51900
//img1a.coupangcdn.com/image/coupang/search/blank1x1.gif,여자니트모자 벙거지 버킷햇 겨울 여자 파나마 코디 R2TB^V6n*12269%+&DDre3%6YP!12266$,9900
//img1a.coupangcdn.com/image/coupang/search/blank1x1.gif,여성 시스루 쉬폰 셔츠 블라우스 스커트 봄 하객룩 데일리룩 체크 소매 카라 하객 쉬폰 핑크 미니 플리츠,22900
//img1a.coupangcdn.com/image/coupang/search/blank1x1.gif,여성 가을 데일리 패션의류 골지 나팔소매 니트티셔츠 R2TB^V6n*16891%+&DDre3%6YP!16888$,9900
//img1a.coupangcdn.com/image/coupang/search/blank1x1.gif,플라잉 피쉬 하이 엔드 플러스 빅 사이즈 여성 의류 봄 가을 겨울 슬림한 얇은 니트 주름 스커트 스카프,119900
//img1a.coupangcdn.com/image/coupang/search/blank1x1.gif,플라잉 피쉬 하이 엔드 플러스 빅 사이즈 여성의류 봄 가을 겨울 현아 스타일 셔츠 니트 조끼 슬림 호피,119900
//img1a.coupangcdn.com/image/coupang/search/blank1x1.gif,[PD&K3BD8] 여성 브이넥 롱니트 티셔츠 데일리 패션 웨어 블랙,8900
//img1a.coupangcdn.com/image/coupang/search/blank1x1.gif,[PD&K3BD8] 9컬러 여성 가을 겨울 긴팔 반폴라 골지 니트 티셔츠,11900
//img1a.coupangcdn.com/image/coupang/search/blank1x1.gif,밍크 머리 수 놓은 술 니트 목도리 여성 긴팔 카디건 두꺼운 하이 엔드 따뜻한 망토 스웨터 판쵸 여성 가을,140900
//img1a.coupangcdn.com/image/coupang/search/blank1x1.gif,UR주름니트롱비니모자 겨울 여성 남성 벙거지 뜨게 모자 + QJDKQXFJ_타미나앤코+TMN0E85D3,4900
//img1a.coupangcdn.com/image/coupang/search/blank1x1.gif,(이쁨어쩔)46900YR&UY&HF*,49900
//img1a.coupangcdn.com/image/coupang/search/blank1x1.gif,희망 니트 여성 정원 장갑 사이즈 레이디 3쌍 팩 CA589, 상세페이지 참조",49900
//img1a.coupangcdn.com/image/coupang/search/blank1x1.gif,SWEATER 기본 목폴라 골지 니트 슬림핏 R2TB^V6n*11211%+&DDre3%6YP!11208$,14900
//img1a.coupangcdn.com/image/coupang/search/blank1x1.gif,플라잉 피쉬 하이 엔드 플러스 빅 사이즈 여성 의류 봄 가을 겨울 느슨한 슬리밍 스웨터 셔츠 조끼 니트,119900
//img1a.coupangcdn.com/image/coupang/search/blank1x1.gif,[PD&K3BD8] 여성스러운 골지 브이넥 랩스타일 벌룬스타일 니트 티,23900
//img1a.coupangcdn.com/image/coupang/search/blank1x1.gif,[PD&K3BD8] 부드러운 울니트 캐주얼 패션 나들이 검정색옷,17900
//img1a.coupangcdn.com/image/coupang/search/blank1x1.gif,[PD&K3BD8] VIDS-SS969 민소매 여름 니트,19900
//img1a.coupangcdn.com/image/coupang/search/blank1x1.gif,여성 머플러 목도리 일본 스카프 아트 인 바람 2020 스카프 숙녀 스카프 겨울 하이 엔드 가드 타월 여,23900
//img1a.coupangcdn.com/image/coupang/search/blank1x1.gif,［3대천왕］ GEO 니트 비니&amp;목도리 겨울목도리 머플러,9900
//img1a.coupangcdn.com/image/coupang/search/blank1x1.gif,[PD&K3BD8] 여성 롱핏 아우터 자켓 2컬러,21900
//img1a.coupangcdn.com/image/coupang/search/blank1x1.gif,CS&BEAUTY Siyimue 소프트 가을 겨울 니트 3 색 레오파드 스카프 여성 따뜻한 목도리,34900
//img1a.coupangcdn.com/image/coupang/search/blank1x1.gif,플라잉 피쉬 하이 엔드 플러스 빅 사이즈 여성 의류 짧은 치마 미니 스커트 후드 니트 세트 스웨터 러블,119900
//img1a.coupangcdn.com/image/coupang/search/blank1x1.gif,하이넥 골드앤실버 탑니트 긴팔티셔츠 여성 슬림 긴팔니트 메쉬 레이스 니트,25900
//img1a.coupangcdn.com/image/coupang/search/blank1x1.gif,P02 후드 숄 가디건 / 망또 / 판초 /니트가디건 + DKWCHXQF_타미나앤코 TMN00A3EA,32900
//img1a.coupangcdn.com/image/coupang/search/blank1x1.gif,최신 탄성 니트 토끼 모피 폭스 pomom 정품 모피 겨울 레이디 모자 진짜 모피 모자 & 스카프와 beanies 및,41900
//img1a.coupangcdn.com/image/coupang/search/blank1x1.gif,t 이너 당신의 숙녀의 어머니 니트 드레스 코트베이스가있는 하이 엔드 서양식 여성 가을 ​​착용 2020 신제,37900
//thumbnail8.coupangcdn.com/thumbnails/remote/230x230ex/image/vendor_inventory/2367/6d57aaf6d99c3ba5b2142877ed13fe1abf0dbf77c9435807e4ab25bc65fb.jpg,ForNeat 포니트 페이스 메이크업 리무버 페이스 워시 마이크로 화이버 소프트 6 개입, 4-PACK, 상세페이지참조",41900
//thumbnail7.coupangcdn.com/thumbnails/remote/230x230ex/image/vendor_inventory/063e/e682fc09418bf026911155db5b271dacf139897cb9c74af81b688a8834e6.jpg,인퉽리엇쫘닡 여성 원피스 여자 미니 니트 원피스 민자 4색 &*(#$^%@,32900
//thumbnail10.coupangcdn.com/thumbnails/remote/230x230ex/image/vendor_inventory/cd47/c93db7e879523d869e1e40b57c2952c4977d7a645f9129bddb9d00e06a12.jpeg,중서부 장갑과 장비 여성 니트 스웨터 N 더 많은 고무 코팅 장갑 7791D4,25900
//thumbnail9.coupangcdn.com/thumbnails/remote/230x230ex/image/vendor_inventory/df6f/e9070e84f7a6e77f486f99d15c0f1bd2e12298aa820718b0e7129509ed3f.jpg,인퉽리엇쫘닡 노르딕 겨울 숏 니트 비니 모자(4colors) &*(#$^%@,15900
//thumbnail9.coupangcdn.com/thumbnails/remote/230x230ex/image/vendor_inventory/19c4/660a2c963b5a9df5c63b103d2689df4799d26083fc371f16d3deb4d4e748.jpeg,중서부 149D4-L 여식 종려장갑 등 등 다양한 스판 큰 사이즈,31900
//thumbnail8.coupangcdn.com/thumbnails/remote/230x230ex/image/vendor_inventory/93d7/dd3b9aff716113daa41e83da8b31854b1d60d493435c3b2ab2a0fc1bf4ac.jpg,블랙 앤 화이트 포인트 긴팔 간절기 니트 스웨터 슬림 핏 화이트 정장 바지 상하의 세트 투피스 오피스 룩,73900
//thumbnail9.coupangcdn.com/thumbnails/remote/230x230ex/image/vendor_inventory/d00a/e2a9459a81ad2b93e9b30b2d0ec6692ebcff9cd46d6b27e7716fc4eb8a55.jpg,여성 루즈핏 니트 여성용 일곱 분 소매 니트 탑 봄 & 가을 얇은 느슨한 배꼽 커버 스웨터 하프 슬리브 언더,80900
//thumbnail7.coupangcdn.com/thumbnails/remote/230x230ex/image/vendor_inventory/c5a6/5823d1764c5f752d73c0ef2913c65d923c693c25fbb5d1e02ef8085cf566.jpg,https://item.taobao.com/item.htm?id=618645141419&ns=1&abbucket=4#detail, 블랙 (스틸 지지대 포함)",44900
//img1a.coupangcdn.com/image/coupang/search/blank1x1.gif,플라잉 피쉬 하이 엔드 플러스 빅 사이즈 여성 의류 봄 가을 겨울 슬림한 얇은 니트 주름 스커트 스카프,119900
//img1a.coupangcdn.com/image/coupang/search/blank1x1.gif,플라잉 피쉬 하이 엔드 플러스 빅 사이즈 여성의류 봄 가을 겨울 현아 스타일 셔츠 니트 조끼 슬림 호피,119900
//img1a.coupangcdn.com/image/coupang/search/blank1x1.gif,여성 터틀넥 니트 플러스 사이즈 레드 & 블랙 & 다크 그린 겨울 여성 풀오버 2018 터틀넥 니트 캐쥬얼 숙녀,68900
//img1a.coupangcdn.com/image/coupang/search/blank1x1.gif,LDL봄니트 봄옷 여성 나들이 패션 데일리룩 라운드티 + IDLVNTGQ_Tamina&Co+TMN2B4C44,20900
//img1a.coupangcdn.com/image/coupang/search/blank1x1.gif,JCC여성 기본 목티 검정색 겨울니트 울티셔츠 + JHCLRCUJ_Tamina&Co+TMN2B4C50,23900
//img1a.coupangcdn.com/image/coupang/search/blank1x1.gif,ZLZ기본 라운드 겨울티 울니트 캐주얼 패션 겨울옷 + WMKODKWA_Tamina&Co+TMN2B4C43,20900
//img1a.coupangcdn.com/image/coupang/search/blank1x1.gif,S/N50000806+인기상품 니트따듯한브이넥겨울가디건검정색겨울니트가디건:울캐시미어여성자켓니트 NEBDCT 빠른배송,25900
//img1a.coupangcdn.com/image/coupang/search/blank1x1.gif,방한용품 방한장갑 남성 여성 남자 장갑 니트장갑 _4E7723@ PHQ6: 여자장갑샭 DSY& S9J12670%,8900
//img1a.coupangcdn.com/image/coupang/search/blank1x1.gif,밍크 머리 수 놓은 술 니트 목도리 여성 긴팔 카디건 두꺼운 하이 엔드 따뜻한 망토 스웨터 판쵸 여성 가을,140900
//img1a.coupangcdn.com/image/coupang/search/blank1x1.gif,https://item.taobao.com/item.htm?id=618645141419&ns=1&abbucket=4#detail, 검정색 (스틸 지지대 없음)",44900
//img1a.coupangcdn.com/image/coupang/search/blank1x1.gif,플라잉 피쉬 하이 엔드 플러스 빅 사이즈 여성 의류 봄 가을 겨울 느슨한 슬리밍 스웨터 셔츠 조끼 니트,119900
//img1a.coupangcdn.com/image/coupang/search/blank1x1.gif,시간과 참 굵은 니트 직사각형 머플러&굵은 니트 비니 선물세트,26900
//img1a.coupangcdn.com/image/coupang/search/blank1x1.gif,퍼&you 크로스 니트 머플러 목도리`~174,8900
//img1a.coupangcdn.com/image/coupang/search/blank1x1.gif,LDL봄니트 봄옷 여성 나들이 패션 데일리룩 라운드티 + IDLVNTGQ_Tamina&Co+TMN2B4C44,20900
//img1a.coupangcdn.com/image/coupang/search/blank1x1.gif,KBQ겨울니트 간절기 봄옷 나들이패션 부드러운티 + EUTUQHYL_Tamina&Co+TMN2B4C4A,19900
//img1a.coupangcdn.com/image/coupang/search/blank1x1.gif,EZV베이지색 겨울니트 간절기 봄옷 데일리룩 패션옷 + TPKICZXW_Tamina&Co+TMN2B4C47,21900
//img1a.coupangcdn.com/image/coupang/search/blank1x1.gif,여성 머플러 목도리 일본 스카프 아트 인 바람 2020 스카프 숙녀 스카프 겨울 하이 엔드 가드 타월 여,23900
//img1a.coupangcdn.com/image/coupang/search/blank1x1.gif,플라잉 피쉬 하이 엔드 플러스 빅 사이즈 여성 의류 짧은 치마 미니 스커트 후드 니트 세트 스웨터 러블,119900
//img1a.coupangcdn.com/image/coupang/search/blank1x1.gif,최신 탄성 니트 토끼 모피 폭스 pomom 정품 모피 겨울 레이디 모자 진짜 모피 모자 & 스카프와 beanies 및,41900
//img1a.coupangcdn.com/image/coupang/search/blank1x1.gif,t 이너 당신의 숙녀의 어머니 니트 드레스 코트베이스가있는 하이 엔드 서양식 여성 가을 ​​착용 2020 신제,37900
//img1a.coupangcdn.com/image/coupang/search/blank1x1.gif,IUZ따듯한 겨울 니트 브이넥 검정색 가디건 얇은 겉옷 + ZBJJCRZJ_Tamina&Co+TMN2B4C53,22900
//img1a.coupangcdn.com/image/coupang/search/blank1x1.gif,HD챙 니트털 넥워머비니S777 + UMSPSBHD_타미나앤코+TMN0A4E5D,11900
//img1a.coupangcdn.com/image/coupang/search/blank1x1.gif,Xjxks 하이 엔드 캐시미어 + 토끼 벨벳 혼합 니트 카디건 여성 스웨터 겨울 뉴 플러스 사이즈 여성 인쇄,135900
//img1a.coupangcdn.com/image/coupang/search/blank1x1.gif,플러스 사이즈 가을 o-넥 긴 소매 여성 니트 풀오버 2018 캐주얼 블랙 & 그레이 기하학 숙녀 스웨터 울 여,43900
//img1a.coupangcdn.com/image/coupang/search/blank1x1.gif,KBQ겨울니트 간절기 봄옷 나들이패션 부드러운티 + EUTUQHYL_Tamina&Co+TMN2B4C4A,19900
//img1a.coupangcdn.com/image/coupang/search/blank1x1.gif,EZV베이지색 겨울니트 간절기 봄옷 데일리룩 패션옷 + TPKICZXW_Tamina&Co+TMN2B4C47,19900
//img1a.coupangcdn.com/image/coupang/search/blank1x1.gif,Bohomonde 여성 케이블 니트 레오파드는 4 패션 색상에서 무한대 스카프 & 모자 세트를 인쇄,84900
//img1a.coupangcdn.com/image/coupang/search/blank1x1.gif,RRW남녀공용 교복 니트 조끼 + PZOAPVKJ_Tamina&Co+TMN2B9675,24900
//thumbnail6.coupangcdn.com/thumbnails/remote/230x230ex/image/vendor_inventory/32ea/bbdf82d3a6d1e7ce3040185ad57a6c948a58ac01be0c76a1172ffbb05ff5.JPG,미르미르 남자 하찌 오버핏 오픈 니트 롱 가디건,29900
//thumbnail7.coupangcdn.com/thumbnails/remote/230x230ex/image/vendor_inventory/e879/85da18fb3b15423b7604088b138caf7ae0177c449a9f36ea83a4e44b752b.jpg,핑크 여성 남성 목도리 머플러 겨울목도리 겨울머플러 * 롱목도리 4D5_SHOP_333EA =),18900
//thumbnail9.coupangcdn.com/thumbnails/remote/230x230ex/image/vendor_inventory/8b08/e6ce0b57249bff47e0a824acb545293567aec6626fcb36de03d460aac57a.jpg,인퉽리엇쫘닡 여자 삭스힐 삭스 앵클부트 니트 부츠힐 5cm굽 &*(#$^%@,41900
//thumbnail6.coupangcdn.com/thumbnails/remote/230x230ex/image/vendor_inventory/9499/f479e983cdaea85f41ba78219f6df2ee58361e855f783bc1187e1dbccdf9.jpg,[K쇼핑][무료배송] NNF 여성 S/S 블라우스/팬츠 세트 모음,89900
//thumbnail6.coupangcdn.com/thumbnails/remote/230x230ex/image/vendor_inventory/44c5/3eb56f18feea39bc22a96630d8065a8a54c3fe7a57f18d57800b9798d99d.jpg,베니코코 여심저격프릴미니원피스,5900
//thumbnail9.coupangcdn.com/thumbnails/remote/230x230ex/image/vendor_inventory/6e26/556e7de3a6e5d2590e0d33218c633e96f311b451cb5f9b58974a46b2ced2.jpg,패이세이션 스커트사이드셔링 스트링 긴팔 데일리 여성 미니원피스 (베이지 그린 블랙) G200730P017OPS,47900
//thumbnail10.coupangcdn.com/thumbnails/remote/230x230ex/image/vendor_inventory/66f9/fbc241be72c908e409b31fd92e26275ea24dd42eccd4fdb3295b17a4abed.jpg,[K쇼핑]크리스티나앤코 쿨 니트 블라우스 5종 택1,19900
//thumbnail7.coupangcdn.com/thumbnails/remote/230x230ex/image/vendor_inventory/8b05/5a0ae6e2b4a43a7cf1bfd1cf3196100db46da51d01cce022c540075bbc69.jpg,[K쇼핑]NNF 쿨 니트 블라우스 5종 택1,19900
//img1a.coupangcdn.com/image/coupang/search/blank1x1.gif,러브썸룩 여성 주머니 옆 트임 롱 반팔 원피스,12900
//img1a.coupangcdn.com/image/coupang/search/blank1x1.gif,[K쇼핑]NNF 쿨 니트 블라우스 5종 택1,19900
//img1a.coupangcdn.com/image/coupang/search/blank1x1.gif,여성 탈백 0.4 지름 구스 글로스 스웨터 둘레 5인치,237900
//img1a.coupangcdn.com/image/coupang/search/blank1x1.gif,루즈핏 펀칭 그물 니트 나시 스커트를 매치한 아우터 여름 드레스 견사,28900
//img1a.coupangcdn.com/image/coupang/search/blank1x1.gif,JC 2 In 1 Unisex Baby Soft Warm 니트 모자 & 스카프 겨울 세트 0-3T,8900
//img1a.coupangcdn.com/image/coupang/search/blank1x1.gif,플라잉 피쉬 하이 엔드 플러스 빅 사이즈 여성 의류 봄 가을 겨울 슬림한 얇은 니트 주름 스커트 스카프,119900
//img1a.coupangcdn.com/image/coupang/search/blank1x1.gif,*&^$#스마트리빙여자 겨울 목폴라 베이직 데일리 니트티 5종!$&*,8900
//img1a.coupangcdn.com/image/coupang/search/blank1x1.gif,(이쁨어쩔)46900YR&UY&HF*,49900
//img1a.coupangcdn.com/image/coupang/search/blank1x1.gif,밍크 머리 수 놓은 술 니트 목도리 여성 긴팔 카디건 두꺼운 하이 엔드 따뜻한 망토 스웨터 판쵸 여성 가을,140900
//img1a.coupangcdn.com/image/coupang/search/blank1x1.gif,[K쇼핑]크리스티나앤코 기모 풀오버 터틀넥/가디건 5종 SET,28900
//img1a.coupangcdn.com/image/coupang/search/blank1x1.gif,[K쇼핑]NNF 쿨 니트 블라우스 5종 택1,19900
//img1a.coupangcdn.com/image/coupang/search/blank1x1.gif,플라잉 피쉬 하이 엔드 플러스 빅 사이즈 여성 의류 봄 가을 겨울 느슨한 슬리밍 스웨터 셔츠 조끼 니트,119900
//img1a.coupangcdn.com/image/coupang/search/blank1x1.gif,여성 머플러 목도리 일본 스카프 아트 인 바람 2020 스카프 숙녀 스카프 겨울 하이 엔드 가드 타월 여,23900
//img1a.coupangcdn.com/image/coupang/search/blank1x1.gif,조조 5 조조 기묘한 모험 코스프레 의상 Guido Mista 골든 윈드 애니메이션 의상 코튼 하이넥 니트 스웨터,57900
//img1a.coupangcdn.com/image/coupang/search/blank1x1.gif,최신 탄성 니트 토끼 모피 폭스 pomom 정품 모피 겨울 레이디 모자 진짜 모피 모자 & 스카프와 beanies 및,41900
//img1a.coupangcdn.com/image/coupang/search/blank1x1.gif,[PD&K3BD8] 베이직컬러 순면 골지 니트양말 5매,21900
//img1a.coupangcdn.com/image/coupang/search/blank1x1.gif,JFMLovely 니트스커트 롱스커트 sk2123c8c + MIGQQEXE_Tamina&Co+TMN2A3B5A,35900
//img1a.coupangcdn.com/image/coupang/search/blank1x1.gif,HD챙 니트털 넥워머비니S777 + UMSPSBHD_타미나앤코+TMN0A4E5D,11900
//img1a.coupangcdn.com/image/coupang/search/blank1x1.gif,Xjxks 하이 엔드 캐시미어 + 토끼 벨벳 혼합 니트 카디건 여성 스웨터 겨울 뉴 플러스 사이즈 여성 인쇄,135900
//img1a.coupangcdn.com/image/coupang/search/blank1x1.gif,플러스 사이즈 가을 o-넥 긴 소매 여성 니트 풀오버 2018 캐주얼 블랙 & 그레이 기하학 숙녀 스웨터 울 여,43900
//img1a.coupangcdn.com/image/coupang/search/blank1x1.gif,& 직 영 용 장갑 겨울 다섯 손가락 플랩 반 지 니 트 두께 추가 용 스웨터 ds 1 m - 016 - 1 그레이 색상 5 - 10 세,13900
//img1a.coupangcdn.com/image/coupang/search/blank1x1.gif,겨울엔 따뜻하고 부드러운 고급 스카프 머플러 선물용으로 강력추천,84900
//img1a.coupangcdn.com/image/coupang/search/blank1x1.gif,올 겨울엔 새로운 스타일 따뜻하고 포근한 울 스카프 머플러 중요한 기념일 출근 데일리룩 활용가능,43900
//img1a.coupangcdn.com/image/coupang/search/blank1x1.gif,NH페이크밍크 퍼머플러/퍼목도리/인조밍크 + MPOGGCCY_타미나앤코+TMN01D5B1,18900
//img1a.coupangcdn.com/image/coupang/search/blank1x1.gif,빠띠라인 쁘띠 소프트 퍼 머플러 대 5종택1 + NNHJLCXS_타미나앤코+TMN013E72,14900
//img1a.coupangcdn.com/image/coupang/search/blank1x1.gif,KNW5DD068 소품 보관 빈티지 나무 우드 플레이트 쟁반 트레이, 상품선택_브라운, 엔에이치쿠팡 브라운",20900
//img1a.coupangcdn.com/image/coupang/search/blank1x1.gif,겨울 천연 모피 털모자 JERYAFUR Russian knit cap new listing mink and fox hat real fur [A00047670],19900
//img1a.coupangcdn.com/image/coupang/search/blank1x1.gif,면헤어밴드 머리띠 헤어악세서리 세트 머리끈 밴드,16900
//thumbnail7.coupangcdn.com/thumbnails/remote/230x230ex/image/vendor_inventory/0665/a90c1e3bc38cb7cc91e3557d9391869874e81a852c14704216dfc8e1b070.jpg,남자 오버핏 라운드 니트 베스트 조끼 커플룩 6color,14900
//thumbnail8.coupangcdn.com/thumbnails/remote/230x230ex/image/vendor_inventory/2367/6d57aaf6d99c3ba5b2142877ed13fe1abf0dbf77c9435807e4ab25bc65fb.jpg,ForNeat 포니트 페이스 메이크업 리무버 페이스 워시 마이크로 화이버 소프트 6 개입, 4-PACK, 상세페이지참조",41900
//thumbnail7.coupangcdn.com/thumbnails/remote/230x230ex/image/vendor_inventory/1b78/58ee4102d35a2c34cacda62ac7260dcb2e8042a086ac62ebc67b5ba61a56.jpg,파운드골지 울니트스커트(6color),13900
//thumbnail7.coupangcdn.com/thumbnails/remote/230x230ex/image/vendor_inventory/b98e/7d9ec45119d7ea763fea1a8b6091f5309e472eea995ded520d540bf83cb1.jpeg,여식 화원 장갑 6벌 다양한 색.여자 중호,22900
//thumbnail8.coupangcdn.com/thumbnails/remote/230x230ex/image/vendor_inventory/7944/a33543e5e4a4b55d45b58c97538da3a601a9b21d5232a9113645e1a6f7cc.jpeg,6 남자 유람선과 스미스 보온 양모 겨울 장갑,47900
//thumbnail7.coupangcdn.com/thumbnails/remote/230x230ex/image/vendor_inventory/de4a/89756e48e425c34ff5fbc121db27fc2e8fb1287a1b43f2149d1854e4a101.jpg,여자니트모자 벙거지 버킷햇 겨울 여자 파나마 코디 R2TB^V6n*12269%+&DDre3%6YP!12266$,9900
//thumbnail6.coupangcdn.com/thumbnails/remote/230x230ex/image/vendor_inventory/b43e/086d49793bdf1a14275b477496d9782a0df4c60f1c56281b94fbae9b20dd.jpg,앤오브 라운드 니트_6color,21900
//thumbnail7.coupangcdn.com/thumbnails/remote/230x230ex/image/vendor_inventory/6627/d1f5bb8c167f6b8ea915c126cd5609b8d3b91eb209eb53baaacdbebc5dac.jpg,여성 가을 데일리 패션의류 골지 나팔소매 니트티셔츠 R2TB^V6n*16891%+&DDre3%6YP!16888$,9900
//img1a.coupangcdn.com/image/coupang/search/blank1x1.gif,[6종세트]여성 기모 9부 레깅스+니트 치마 스커트 SET WLS-LE-6종,40900
//img1a.coupangcdn.com/image/coupang/search/blank1x1.gif,여성용 항균양말 편안한 니트 환타리면 털링 안감 프리미엄 소프트삭스(6포 마린),49900
//img1a.coupangcdn.com/image/coupang/search/blank1x1.gif,요트와 스미스 6켤레의 여성 무릎높이 양말 플랫 니트 단색(해군),49900
//img1a.coupangcdn.com/image/coupang/search/blank1x1.gif,밍크 머리 수 놓은 술 니트 목도리 여성 긴팔 카디건 두꺼운 하이 엔드 따뜻한 망토 스웨터 판쵸 여성 가을,140900
//img1a.coupangcdn.com/image/coupang/search/blank1x1.gif,파운드골지 울니트스커트(6color),13900
//img1a.coupangcdn.com/image/coupang/search/blank1x1.gif,방한용품 방한장갑 남성 여성 남자 장갑 니트장갑 _4E7723@ PHQ6: 여자장갑샭 DSY& S9J12670%,8900
//img1a.coupangcdn.com/image/coupang/search/blank1x1.gif,새로운 패션 여자의 따뜻한 모직 겨울 모자 니트 모피 모자 여자 조만간 상태 편지 skullies & beanies 6,31900
//img1a.coupangcdn.com/image/coupang/search/blank1x1.gif,SWEATER 기본 목폴라 골지 니트 슬림핏 R2TB^V6n*11211%+&DDre3%6YP!11208$,14900
//img1a.coupangcdn.com/image/coupang/search/blank1x1.gif,여성 머플러 목도리 일본 스카프 아트 인 바람 2020 스카프 숙녀 스카프 겨울 하이 엔드 가드 타월 여,23900
//img1a.coupangcdn.com/image/coupang/search/blank1x1.gif,[K쇼핑]란스코 여성 기모 레깅스+니트 치마 6종 WLS-LE-6종,39900
//img1a.coupangcdn.com/image/coupang/search/blank1x1.gif,[셀렉슈] LO6 스웨이드 니트 블로퍼,43900
//img1a.coupangcdn.com/image/coupang/search/blank1x1.gif,최신 탄성 니트 토끼 모피 폭스 pomom 정품 모피 겨울 레이디 모자 진짜 모피 모자 & 스카프와 beanies 및,41900
//img1a.coupangcdn.com/image/coupang/search/blank1x1.gif,올 겨울엔 새로운 스타일 따뜻하고 포근한 울 스카프 머플러 중요한 기념일 출근 데일리룩 활용가능,43900
//img1a.coupangcdn.com/image/coupang/search/blank1x1.gif,겨울엔 따뜻하고 부드러운 고급 스카프 머플러 선물용으로 강력추천,84900
//img1a.coupangcdn.com/image/coupang/search/blank1x1.gif,플러스사이즈 대형 여성 하이 엔드 원피스 여름 원피스 커버 얇은 외국 스커트,56900
//img1a.coupangcdn.com/image/coupang/search/blank1x1.gif,PANMAX 빅 사이즈 심플 캐주얼 커플 가디건 스웨터,59900
//img1a.coupangcdn.com/image/coupang/search/blank1x1.gif,피첸 1/61/6 스케일 의류 액세서리 캐주얼 정장 긴팔 니트 티셔츠 & 힙 스커트 TBLeague HT 여성 피규어 바, 01 ONLY  clothing1",42900
//img1a.coupangcdn.com/image/coupang/search/blank1x1.gif,피첸 1/61/6 스케일 의류 액세서리 캐주얼 정장 긴팔 니트 티셔츠 & 힙 스커트 TBLeague HT 여성 피규어 바, 04 KT004 HEAD",55900
//img1a.coupangcdn.com/image/coupang/search/blank1x1.gif,피첸 1/61/6 스케일 의류 액세서리 캐주얼 정장 긴팔 니트 티셔츠 & 힙 스커트 TBLeague HT 여성 피규어 바, 02 ONLY  clothing2",42900
//img1a.coupangcdn.com/image/coupang/search/blank1x1.gif,피첸 1/61/6 스케일 의류 액세서리 캐주얼 정장 긴팔 니트 티셔츠 & 힙 스커트 TBLeague HT 여성 피규어 바, 03 head 1",57900
//img1a.coupangcdn.com/image/coupang/search/blank1x1.gif,[셀렉슈] LO6 스웨이드 니트 블로퍼,43900
//thumbnail9.coupangcdn.com/thumbnails/remote/230x230ex/image/vendor_inventory/5508/35a43539b20f3d69d71c4e6a8ddce724e3af225a87d61579aa5d0446d654.jpg,무늬랜덤 (7개묶음)재사용하는 원형행거 점착 1개입 생활용품 정리수납 생활편의용품 벽걸이, 1, 상세페이지 참조",12900
//thumbnail9.coupangcdn.com/thumbnails/remote/230x230ex/image/vendor_inventory/b062/6583f8d59000ab29ba88bcb93820a85ae4fd31b9bd74fad0d8346fa9187e.jpg,IQ털부츠 여성부츠 방한화 퍼부츠 방한부츠 니트 KNIT32 + KXPMNGNR_타미나앤코+TMN0A7D29,17900
//thumbnail8.coupangcdn.com/thumbnails/remote/230x230ex/image/vendor_inventory/c8aa/63a43f244ee7b5968ae405006cfe0a383030eb522269566769a25dd17943.jpg,밍크 머리 수 놓은 술 니트 목도리 여성 긴팔 카디건 두꺼운 하이 엔드 따뜻한 망토 스웨터 판쵸 여성 가을,140900
//thumbnail7.coupangcdn.com/thumbnails/remote/230x230ex/image/vendor_inventory/e992/5e636e874b9bc295a843024bb2de89e7bb07381c4a3ca9a0edeca17e37f7.jpg,RMM교복조끼 네이비 여자롱조끼 니트조끼 유니폼 교복 + MHPVHNHV_타미나앤코+TMN0290D7,25900
//thumbnail6.coupangcdn.com/thumbnails/remote/230x230ex/image/vendor_inventory/images/2018/06/16/22/9/49ecc02b-aae4-4c02-841e-0658a271d36b.jpg,여성롱티셔츠 티셔츠 여성 여성패션 섹시스트립속옷세트/섹시브라/끈브라/브라/팬티/속옷세트 빅사이즈 여성의류 여성니트,7900
//thumbnail10.coupangcdn.com/thumbnails/remote/230x230ex/image/vendor_inventory/13b9/4483b2f44ab958ac32f5d240bac73b6aa30f0f7095fd911b7fff50f7e19c.jpg,여성 머플러 목도리 일본 스카프 아트 인 바람 2020 스카프 숙녀 스카프 겨울 하이 엔드 가드 타월 여,23900
//thumbnail8.coupangcdn.com/thumbnails/remote/230x230ex/image/vendor_inventory/7b92/012e66533bc1d0475a5e75334ad3fc56b24019948aa3738b914e012d6fce.jpg,Wenn&&_7/플랫워커 하이탑 통굽 미들부츠 니트 레이스업워커&(DNWNE@%&!XNB,20900
//thumbnail6.coupangcdn.com/thumbnails/remote/230x230ex/image/vendor_inventory/603d/53465c0d8008d6506ccd81cb845fcd5a31f39aeaf552b54061b9ea83a436.jpg,최신 탄성 니트 토끼 모피 폭스 pomom 정품 모피 겨울 레이디 모자 진짜 모피 모자 & 스카프와 beanies 및,41900
//img1a.coupangcdn.com/image/coupang/search/blank1x1.gif,Kanglu 2020 봄 여름 시리즈 KENT & CURWEN / 켄 디 벤 크로스 장미 럭비 셔츠 K36I7EM 311 오렌지 블랙 XL,57900
//img1a.coupangcdn.com/image/coupang/search/blank1x1.gif,겨울엔 따뜻하고 부드러운 고급 스카프 머플러 선물용으로 강력추천,84900
//img1a.coupangcdn.com/image/coupang/search/blank1x1.gif,F1 자동차 로고 야구 스포츠 골프 아웃도어 모자 7종,41900
//img1a.coupangcdn.com/image/coupang/search/blank1x1.gif,X & J 브랜드 트 렌치 코트 녀 2020 봄 가을 품 긴팔 더 블 버튼 중 롱 블랙 슬 림 핏 한 브 리 티 시 룩 L,101900
//img1a.coupangcdn.com/image/coupang/search/blank1x1.gif,남성용 스웨터용 작은 홈넥 s,37900
//img1a.coupangcdn.com/image/coupang/search/blank1x1.gif,GUO교복조끼 네이비 롱조끼 니트조끼 유니폼 교복 + RRPLTIGU_타미나앤코+TMN0290A7,25900
//img1a.coupangcdn.com/image/coupang/search/blank1x1.gif,Honey Dew Gifts 허니 듀 선물 재미 나무 징후하시기 바랍니다하지 않음 세척 여성 제품 희망 & 꿈 7 화장, none",55900
//thumbnail7.coupangcdn.com/thumbnails/remote/230x230ex/image/vendor_inventory/0770/29e58250ecfa35c43ca5b5d08b76da54f09ede9537dac9edbe9b68c43868.jpg,부루앤쥬디 롯데몰 소이체크CD10 B1MH2CD001 EP,35900
//thumbnail7.coupangcdn.com/thumbnails/remote/230x230ex/image/vendor_inventory/3901/6bfb60427719fdd66c6763fb26119360404f1c348dadb6b63369f2ed4be0.jpg,(새상품) 에잇세컨즈 앙고라 니트 55,18900
//thumbnail7.coupangcdn.com/thumbnails/remote/230x230ex/image/vendor_inventory/c04c/6822aa138eb25d6b8fabbd615879189c1685aef72e22c207aca248554056.jpg,[PD&K3BD8] 여성 브이넥 롱니트 티셔츠 데일리 패션 웨어 블랙,8900
//thumbnail8.coupangcdn.com/thumbnails/remote/230x230ex/image/vendor_inventory/15b6/f6bd355efad42451465e143d1059e6d8c623b439795a9b0a81efb1710bf7.jpg,[PD&K3BD8] 9컬러 여성 가을 겨울 긴팔 반폴라 골지 니트 티셔츠,11900
//thumbnail10.coupangcdn.com/thumbnails/remote/230x230ex/image/vendor_inventory/0247/d4cd791b69f54ddfb78cab7acf48d168e9eb0bffd717c971dd92432d90d9.jpg,밍크 머리 수 놓은 술 니트 목도리 여성 긴팔 카디건 두꺼운 하이 엔드 따뜻한 망토 스웨터 판쵸 여성 가을,140900
//thumbnail7.coupangcdn.com/thumbnails/remote/230x230ex/image/vendor_inventory/b63c/e034cd865a492641677cefded800fb042e66871f87469f456baacb94f92c.jpg,TR잔량덤핑 꽈배기니트 벙거지모자 겨울 여성 뜨게 모자 + IGNAGKUR_타미나앤코+TMN006FF8,2900
//thumbnail6.coupangcdn.com/thumbnails/remote/230x230ex/image/vendor_inventory/images/2018/06/16/22/9/49ecc02b-aae4-4c02-841e-0658a271d36b.jpg,여성롱티셔츠 티셔츠 여성 여성패션 섹시스트립속옷세트/섹시브라/끈브라/브라/팬티/속옷세트 빅사이즈 여성의류 여성니트,7900
//thumbnail9.coupangcdn.com/thumbnails/remote/230x230ex/image/vendor_inventory/1630/0855a48e7f419294b68dc971022e875935996db5b017fe90c3112494d300.jpg,[PD&K3BD8] 여성스러운 골지 브이넥 랩스타일 벌룬스타일 니트 티,23900
//img1a.coupangcdn.com/image/coupang/search/blank1x1.gif,[PD&K3BD8] 부드러운 울니트 캐주얼 패션 나들이 검정색옷,17900
//img1a.coupangcdn.com/image/coupang/search/blank1x1.gif,[PD&K3BD8] VIDS-SS969 민소매 여름 니트,19900
//img1a.coupangcdn.com/image/coupang/search/blank1x1.gif,여성 머플러 목도리 일본 스카프 아트 인 바람 2020 스카프 숙녀 스카프 겨울 하이 엔드 가드 타월 여,23900
//img1a.coupangcdn.com/image/coupang/search/blank1x1.gif,[PD&K3BD8] 여성 롱핏 아우터 자켓 2컬러,21900
//img1a.coupangcdn.com/image/coupang/search/blank1x1.gif,최신 탄성 니트 토끼 모피 폭스 pomom 정품 모피 겨울 레이디 모자 진짜 모피 모자 & 스카프와 beanies 및,41900
//img1a.coupangcdn.com/image/coupang/search/blank1x1.gif,[PD&K3BD8] 베이직컬러 순면 골지 니트양말 5매,21900
//img1a.coupangcdn.com/image/coupang/search/blank1x1.gif,따뜻한 가을 겨울 보카시 파스텔 니트 양말,2900
//img1a.coupangcdn.com/image/coupang/search/blank1x1.gif,JFMLovely 니트스커트 롱스커트 sk2123c8c + MIGQQEXE_Tamina&Co+TMN2A3B5A,35900
//img1a.coupangcdn.com/image/coupang/search/blank1x1.gif,겨울엔 따뜻하고 부드러운 고급 스카프 머플러 선물용으로 강력추천,84900
//img1a.coupangcdn.com/image/coupang/search/blank1x1.gif,QH핑크돼지 남성빅머플러 캐시미어 울 머플러 목도리 + BKDBRQKT_타미나앤코+TMN0CFCB8,4900
//img1a.coupangcdn.com/image/coupang/search/blank1x1.gif,Loungeable mix & match soft knit rib oversized 후디 인 오트밀,60900
//img1a.coupangcdn.com/image/coupang/search/blank1x1.gif,A라인 스커트 여성 치마 이른 봄 새로운 스타일의 가벼운 성숙한 하이 엔드,68900
//img1a.coupangcdn.com/image/coupang/search/blank1x1.gif,HERYNLRN 레트로 주석 징후 빈티지 스타일 소매치기와 느슨한 여성 금속은 철 실내 및 야외 홈 바 커피 주, Beware Pickpockets and Loose Women12 x 8 INCH",50900
//img1a.coupangcdn.com/image/coupang/search/blank1x1.gif,여성용 겨울 레이스 원피스 B8X1647,20900
//thumbnail8.coupangcdn.com/thumbnails/remote/230x230ex/image/vendor_inventory/1026/891c593846e3ae4af25ea5f2de52425447351ef6d633102542f75bcefe1a.jpg,마크앤로나 여성 Lozenge 니트 스커트 MLW 9A AB11,530900
//thumbnail6.coupangcdn.com/thumbnails/remote/230x230ex/image/vendor_inventory/a9b7/027ba074e72b258c94f755ff7c697dfc34f15ff2fa71ec262ed5f9aa319f.jpeg,G&F 4408 중9온스 브라운 니트 장갑 니트 팔목 매각-L,31900
//thumbnail6.coupangcdn.com/thumbnails/remote/230x230ex/image/vendor_inventory/339e/bd8877fd49dba373e6ccb2ea131730f8dbd43dc6a7514292d2bc889d85c5.jpg,꼬미상점쓭 벙어리장갑 반장갑 스마트폰장갑 니트장갑 손가락장갑 &^($%#$#%^,5900
//thumbnail9.coupangcdn.com/thumbnails/remote/230x230ex/image/vendor_inventory/290f/769962d2726ca7b5ca235c56f643d4249900300174c3541a8e6b861b82dc.jpg,9 무 요가복 여성 여름철 헬스장 스포츠 세트 여성 속건형 헬스복 홀쭉한 체격 mm 헬스복 빅사이즈 무용 도어 유니트 9001 흑자 +1708 흑자 XXXL (125~135근),23900
//thumbnail8.coupangcdn.com/thumbnails/remote/230x230ex/image/vendor_inventory/15b6/f6bd355efad42451465e143d1059e6d8c623b439795a9b0a81efb1710bf7.jpg,[PD&K3BD8] 9컬러 여성 가을 겨울 긴팔 반폴라 골지 니트 티셔츠,11900
//thumbnail8.coupangcdn.com/thumbnails/remote/230x230ex/image/vendor_inventory/1f2c/9f8c7e058a0d6d283b1c86bb4e6a6af0abe9c4a75a85faf75d2d5dc5fd1b.jpg,DGC털부츠 여성부츠 방한화 퍼부츠 방한부츠 니트 V-2 + UZMDNKUZ_Tamina&Co+TMN2672F9,17900
//thumbnail10.coupangcdn.com/thumbnails/remote/230x230ex/image/vendor_inventory/ca6f/03560fc8f5805dccfa37ee4767aa9c8be5fffb34b90878831a0c03aeebb5.jpg,밍크 머리 수 놓은 술 니트 목도리 여성 긴팔 카디건 두꺼운 하이 엔드 따뜻한 망토 스웨터 판쵸 여성 가을,140900
//thumbnail7.coupangcdn.com/thumbnails/remote/230x230ex/image/vendor_inventory/f6fb/3ef3c0a1171b25e4bc832d343729aa21659949d239bd33f595b23d5adfb8.jpg,방한용품 방한장갑 남성 여성 남자 장갑 니트장갑 _4E7723@ PHQ6: 여자장갑샭 DSY& S9J12670%,8900
//img1a.coupangcdn.com/image/coupang/search/blank1x1.gif,여성 머플러 목도리 일본 스카프 아트 인 바람 2020 스카프 숙녀 스카프 겨울 하이 엔드 가드 타월 여,23900
//img1a.coupangcdn.com/image/coupang/search/blank1x1.gif,사고#싶은@ 꽈배기니트밴드/니트머리띠 넓은밴드 헤어밴드+ WANTCMJ,6900
//img1a.coupangcdn.com/image/coupang/search/blank1x1.gif,최신 탄성 니트 토끼 모피 폭스 pomom 정품 모피 겨울 레이디 모자 진짜 모피 모자 & 스카프와 beanies 및,41900
//img1a.coupangcdn.com/image/coupang/search/blank1x1.gif,ABU니트숏 손워머 털니트워머 + OTNQQPXV_타미나앤코+TMN08D9AF,5900
//img1a.coupangcdn.com/image/coupang/search/blank1x1.gif,겨울엔 따뜻하고 부드러운 고급 스카프 머플러 선물용으로 강력추천,84900
//img1a.coupangcdn.com/image/coupang/search/blank1x1.gif,라앤다 언더웨어 [ 브라 MBR-3081 n9?te] 상품 상세페이지 표기,11900
//img1a.coupangcdn.com/image/coupang/search/blank1x1.gif,스타 같은 스타일의 여름 흰색 작은 정장 정장 패션 기질 전문 정장 투피스 정장 9 점 바지 재킷 여성,98900
//img1a.coupangcdn.com/image/coupang/search/blank1x1.gif,블루 정장 정장 여성 9 점 바지 패션 기질 투피스 트렌드의 같은 단락 2020 새로운 한국어 버전 스타 리우,98900
//img1a.coupangcdn.com/image/coupang/search/blank1x1.gif,스타 스텔라 첸 슈 같은 봄 새 정장 정장 패션 기질 파란색 정장 세 조각 여성의 한국어 버전,107900
//img1a.coupangcdn.com/image/coupang/search/blank1x1.gif,스타 같은 검은 정장 정장 영국 스타일의 전문 기질 정장 한국어 버전 OL 가을 9 점 바지 재킷 여성,101900
//img1a.coupangcdn.com/image/coupang/search/blank1x1.gif,같은 단락의 스타 야오 첸 Chunqiu 새로운 작은 정장 정장 여성 패션 정장 재킷은 얇은 투피스 9 점 바지,89900
//img1a.coupangcdn.com/image/coupang/search/blank1x1.gif,스텔라 스타 첸 슈 같은 정장 여름 새로운 영국 스타일의 기질 정장 전문 세 조각 여성,107900
//img1a.coupangcdn.com/image/coupang/search/blank1x1.gif,2020 스타 Qi Wei 같은 여름 정장 숙녀 슬림하고 얇은 투피스 캐주얼 한국 9 점 팬츠,89900
//img1a.coupangcdn.com/image/coupang/search/blank1x1.gif,스타 같은 스타일 2020 새로운 작은 향기 정장 핑크 3 피스 정장 OL 슬림 기질 재킷 9 점 바지,107900
//img1a.coupangcdn.com/image/coupang/search/blank1x1.gif,같은 봄 가을 신작 정장 작은 향기 세련된 기질 OL 전문 정장 9 점 바지 투피스 슈트를 가진 별,89900
//img1a.coupangcdn.com/image/coupang/search/blank1x1.gif,같은 단락 가을 새로운 한국어 자기 재배 기질 전문 핑크 OL과 스타 정장은 얇은 투피스 정장이었다,89900
//img1a.coupangcdn.com/image/coupang/search/blank1x1.gif,2020 스타 같은 스타일 봄 새로운 작은 정장 정장 노란색 영국 스타일 패션 기질 투피스 정장 여성,98900
//img1a.coupangcdn.com/image/coupang/search/blank1x1.gif,한 Xuechunqiu 같은 정장 정장 OL 전문 정장 영국 스타일 레드 패션 세 조각 여성과 새로운 스타,119900
//img1a.coupangcdn.com/image/coupang/search/blank1x1.gif,스타 같은 단락 첸 슈 봄 새로운 정장 정장 캐주얼 영국 스타일의 정장 한국어 스타일의 기질 세 조각 여성,107900
//img1a.coupangcdn.com/image/coupang/search/blank1x1.gif,스타 같은 스타일의 봄 새로운 전문 정장 정장 한국어 스타일 패션 기질 스트라이프 정장은 얇은 투피스,98900
//img1a.coupangcdn.com/image/coupang/search/blank1x1.gif,[Moncler][럭스앤홀릭] 몽클레어 D2 093 9050850 9489Y 999 18F 여성니트,548900
//thumbnail7.coupangcdn.com/thumbnails/remote/230x230ex/image/vendor_inventory/9187/0107e9789a95fc85617bc7fd9422a1cc8871ea1f241b718941eae9af3097.jpg,남녀공용 커플 꽈배기 케이블 라운드 니트 22컬러,19900
//thumbnail7.coupangcdn.com/thumbnails/remote/230x230ex/image/vendor_inventory/0770/29e58250ecfa35c43ca5b5d08b76da54f09ede9537dac9edbe9b68c43868.jpg,부루앤쥬디 롯데몰 소이체크CD10 B1MH2CD001 EP,35900
//thumbnail7.coupangcdn.com/thumbnails/remote/230x230ex/image/vendor_inventory/7ed6/139b23b2738f424b085557fd6670cd525077369e4ca2d62af3d341a92b82.jpeg,스웨터 가디건 Ordifree Autumn Winter Women Sweaters and Pullovers Female Jumper Knitt [G00176061],37900
//thumbnail7.coupangcdn.com/thumbnails/remote/230x230ex/image/vendor_inventory/4fbc/27e1a829f83333e51fa7afcb03fc33584225fd6db52a75a376d0d357ed22.jpeg,스웨터 가디건 Ordifree Autumn Winter Oversized Women Knitted Sweaters and Pullovers T [G00176069],62900
//thumbnail6.coupangcdn.com/thumbnails/remote/230x230ex/image/vendor_inventory/642e/710d038b57acd231fa8d90dcf61dc423a6b561fc3922daa819fff2cc4ae7.jpg,남녀공용 라운드니트 가디건 세트 고퀄리티 니트세트 10컬러,44900
//thumbnail6.coupangcdn.com/thumbnails/remote/230x230ex/image/vendor_inventory/d7ee/9349e5bd20b04b46a7a1baa33ed82737bdb7103749de03a5d5886002ce87.jpg,스웨터 가디건 Ordifree Autumn Winter Women Sweaters and Pullovers Knitted Tops Long S [A00176051],39900
//thumbnail10.coupangcdn.com/thumbnails/remote/230x230ex/image/vendor_inventory/57dc/42ae99b68c5e29ab393652b56906432bf4d3ee706aea003119c297857ac7.jpeg,스웨터 가디건 Ordifree Autumn Women Sweaters and Pullovers Long Sleeve Knitted Sweate [A00176045],33900
//thumbnail10.coupangcdn.com/thumbnails/remote/230x230ex/image/vendor_inventory/aff3/7579faddb14a47ab72c10fb969440d5bdc97247d0622a3190df231853e1a.jpg,여성 루즈핏 니트 여자 스웨터 크로 셰 뜨개질 속이 빈 짧은 자수 느슨한 작업복 가기 Femme Chandails 당,26900
//img1a.coupangcdn.com/image/coupang/search/blank1x1.gif,EQQ649876에이앤 80구 스노우전구(10M) 트리장식 차박 캠핑 실내 인테리어전구,12900
//img1a.coupangcdn.com/image/coupang/search/blank1x1.gif,밍크 머리 수 놓은 술 니트 목도리 여성 긴팔 카디건 두꺼운 하이 엔드 따뜻한 망토 스웨터 판쵸 여성 가을,140900
//img1a.coupangcdn.com/image/coupang/search/blank1x1.gif,[AETRENDS] 남성 여성 Beanie Hats 니트 해골 스키 모자 귀 보호 겨울 야외 스포츠 캠핑 하이킹 스키 Z-100,43900
//img1a.coupangcdn.com/image/coupang/search/blank1x1.gif,새로운 러시아 겨울 여성 꽃 줄무늬 자연 진짜 모피 모자 레이디 따뜻한 니트 정품 렉스 토끼 모피 모자 야,38900
//img1a.coupangcdn.com/image/coupang/search/blank1x1.gif,Enjoyfur 여성 가을 겨울 모자 탄성 니트 울 코튼 고로 솔리드 멀티 컬러 비니 모자 하이 엔드 귀여운 캐주,41900
//img1a.coupangcdn.com/image/coupang/search/blank1x1.gif,겨울 러시아 여자 진짜 렉스 토끼 모피 모자 수제 니트 정품 렉스 토끼 모피 모자 따뜻한 품질 토끼 모피 b,33900
//img1a.coupangcdn.com/image/coupang/search/blank1x1.gif,모든 경기의 왕 100 % 순수 캐시미어 스카프 하이 엔드 숄 클래식 가을과 겨울 따뜻함 남여 니트 턱받이,114900
//img1a.coupangcdn.com/image/coupang/search/blank1x1.gif,여성 머플러 목도리 일본 스카프 아트 인 바람 2020 스카프 숙녀 스카프 겨울 하이 엔드 가드 타월 여,23900
//img1a.coupangcdn.com/image/coupang/search/blank1x1.gif,여성 머플러 목도리 스카프 양 가을과 겨울 어머니의 중년 할머니 할머니 모든 경기 남성 하이 엔드 선물,21900
//img1a.coupangcdn.com/image/coupang/search/blank1x1.gif,Nanci si 2 조각 겨울 비니 모자 스카프 세트 따뜻한 니트 모자 두꺼운 양털 줄 지어 겨울 모자 & 스카프 s,22900
//img1a.coupangcdn.com/image/coupang/search/blank1x1.gif,여성 털모자 니트 ENJOYFUR women hat and scarf set for girl wool knitted female w [G00123033],40900
//img1a.coupangcdn.com/image/coupang/search/blank1x1.gif,& 직 영 용 장갑 겨울 다섯 손가락 플랩 반 지 니 트 두께 추가 용 스웨터 ds 1 m - 016 - 1 그레이 색상 5 - 10 세,13900
//img1a.coupangcdn.com/image/coupang/search/blank1x1.gif,편안한 스타일 여성의류 Casual Zipper Cardigan Knitted Short Tops And Stretch Knit O-n [S00130898],51900
//img1a.coupangcdn.com/image/coupang/search/blank1x1.gif,트리하우스 니트(2켤레) 셰르파 안감 여성 보온 슬리퍼 미끄럼 방지 보모 컴포트 슈즈 4-10,84900
//img1a.coupangcdn.com/image/coupang/search/blank1x1.gif,겨울엔 따뜻하고 부드러운 고급 스카프 머플러 선물용으로 강력추천,84900
//img1a.coupangcdn.com/image/coupang/search/blank1x1.gif,단가라 레이어드 반팔티셔츠 남녀공용 오버핏 M-2XL,10900
//img1a.coupangcdn.com/image/coupang/search/blank1x1.gif,니트 H.SA Women Sweaters Autumn Winter Basic Turtleneck Pullover and Slim Basi [A00055056],22900
//img1a.coupangcdn.com/image/coupang/search/blank1x1.gif,니트 HSA 2020 Women Turtleneck Sweater and Pullovers Zipper Sticth Casual Winter Pull [A00055109],24900
//img1a.coupangcdn.com/image/coupang/search/blank1x1.gif,겨울 비니 니트 털모자 Men's winter Hat 2020 Fashion Knitted Black Hats Fall Thick And [A00047545],17900
//img1a.coupangcdn.com/image/coupang/search/blank1x1.gif,Space galaxy hoodies 남성/여성 운동복 후드가 달린 3d 브랜드 의류 모자 hoody print paisley nebula jac,29900
//img1a.coupangcdn.com/image/coupang/search/blank1x1.gif,겨울 비니 니트 털모자 Fashion Warm Winter Fur Ball Hat&Scarf Sets For Girls 2 Pieces [A00047547],17900
//img1a.coupangcdn.com/image/coupang/search/blank1x1.gif,바니앤버니 페이지 시밀러룩,58900
//img1a.coupangcdn.com/image/coupang/search/blank1x1.gif,Loungeable mix & match soft knit rib oversized 후디 인 오트밀,60900
//img1a.coupangcdn.com/image/coupang/search/blank1x1.gif,High-End Decor 하이 엔드 장식 여성 요리사 일선 노동자 컬렉션 모든 영웅은 케이프 착용 니켈 황동 10., Female Chef",181900
//img1a.coupangcdn.com/image/coupang/search/blank1x1.gif,B05130 니트모자 마스크 넥워머 세트 귀달이모자 털방울모자 벙거지모자 소련군모자 플랩캡 빵모자,24900
//img1a.coupangcdn.com/image/coupang/search/blank1x1.gif,겨울 털귀마개 학생 자전거 따뜻한 크리스마스 데이트,21900
//img1a.coupangcdn.com/image/coupang/search/blank1x1.gif,B05131 니트모자 마스크 넥워머 세트 귀달이모자 털방울모자 벙거지모자 소련군모자 플랩캡 빵모자,27900
//img1a.coupangcdn.com/image/coupang/search/blank1x1.gif,B05118 니트 귀달이모자 토끼털 방울 벙거지모자 소련군모자 플랩캡 숏챙모자 빵모자 카페모자 고양이모자,23900
//thumbnail8.coupangcdn.com/thumbnails/remote/230x230ex/image/vendor_inventory/1026/891c593846e3ae4af25ea5f2de52425447351ef6d633102542f75bcefe1a.jpg,마크앤로나 여성 Lozenge 니트 스커트 MLW 9A AB11,530900
//thumbnail8.coupangcdn.com/thumbnails/remote/230x230ex/image/vendor_inventory/77f4/32b34bb20a1d631e9e061c80a9f0dde6cb48b24a9fc8466f76f1c54b5819.jpg,스웨터 가디건 Ordifree Autumn Winter Oversized Women Knitted Sweaters and Pullovers T [G00176069],62900
//thumbnail7.coupangcdn.com/thumbnails/remote/230x230ex/image/vendor_inventory/70b6/dfb447bfb5b04d6c2f0bd664c11707afaf90c02a5eaf930cf89fc31ceb7f.jpeg,스웨터 가디건 Ordifree Autumn Winter Women Sweaters and Pullovers Female Jumper Knitt [G00176061],37900
//thumbnail9.coupangcdn.com/thumbnails/remote/230x230ex/image/vendor_inventory/32f3/290d6e0686ef3f2c8353c2e91c83c3e4db058f6815536fe1b1df17948af3.jpeg,스웨터 가디건 Ordifree Autumn Women Sweaters and Pullovers Long Sleeve Knitted Sweate [A00176045],33900
//thumbnail9.coupangcdn.com/thumbnails/remote/230x230ex/image/vendor_inventory/145e/1a4f7654d1d764b5a05b485ac57b7c53a42131b0e7823559338f7a374579.jpg,밍크 머리 수 놓은 술 니트 목도리 여성 긴팔 카디건 두꺼운 하이 엔드 따뜻한 망토 스웨터 판쵸 여성 가을,140900
//thumbnail7.coupangcdn.com/thumbnails/remote/230x230ex/image/vendor_inventory/e7d2/843ade3d7984dfee0eba78b05ec3e70ff2086a8758d9d5fd8770fea56921.jpg,모든 경기의 왕 100 % 순수 캐시미어 스카프 하이 엔드 숄 클래식 가을과 겨울 따뜻함 남여 니트 턱받이,102900
//thumbnail7.coupangcdn.com/thumbnails/remote/230x230ex/image/vendor_inventory/5536/1cbd3bf8382cd64d49c8ddda9a1edf86ae85fba722538e1390badcd69bd2.jpg,여성 머플러 목도리 스카프 양 가을과 겨울 어머니의 중년 할머니 할머니 모든 경기 남성 하이 엔드 선물,21900
//thumbnail10.coupangcdn.com/thumbnails/remote/230x230ex/image/vendor_inventory/8eae/479679c65fc93102b459f08cbd5e1d5e1337b9573be24559f9c88dea330b.jpg,Nanci si 2 조각 겨울 비니 모자 스카프 세트 따뜻한 니트 모자 두꺼운 양털 줄 지어 겨울 모자 & 스카프 s,22900
//img1a.coupangcdn.com/image/coupang/search/blank1x1.gif,여성 털모자 니트 ENJOYFUR women hat and scarf set for girl wool knitted female w [G00123033],44900
//img1a.coupangcdn.com/image/coupang/search/blank1x1.gif,편안한 스타일 여성의류 Casual Zipper Cardigan Knitted Short Tops And Stretch Knit O-n [S00130898],51900
//img1a.coupangcdn.com/image/coupang/search/blank1x1.gif,겨울엔 따뜻하고 부드러운 고급 스카프 머플러 선물용으로 강력추천,84900
//img1a.coupangcdn.com/image/coupang/search/blank1x1.gif,니트 HSA 2020 Women Turtleneck Sweater and Pullovers Zipper Sticth Casual Winter Pull [A00055109],24900
//img1a.coupangcdn.com/image/coupang/search/blank1x1.gif,니트 H.SA Women Winter Open Stitch Sweater and Cardigans Long Sleeve Button Up Knit P [A00055474],41900
//img1a.coupangcdn.com/image/coupang/search/blank1x1.gif,겨울 비니 니트 털모자 Men's winter Hat 2020 Fashion Knitted Black Hats Fall Thick And [A00047545],17900
//img1a.coupangcdn.com/image/coupang/search/blank1x1.gif,겨울 비니 니트 털모자 Fashion Warm Winter Fur Ball Hat&Scarf Sets For Girls 2 Pieces [A00047547],17900
//thumbnail9.coupangcdn.com/thumbnails/remote/230x230ex/image/vendor_inventory/e3de/966f599c1fc99e3346615ba270238ff3b078f95816a607542fc6bd7a3579.jpg,코팅 핑 거 PU 장갑 로 우 앤 티크 내 마모 방 지 를 위해 통기 성 전자 공장 코팅 얇 은 여름 [코팅] 스 트 라 이 프 12 켤레 S,7900
//thumbnail7.coupangcdn.com/thumbnails/remote/230x230ex/image/vendor_inventory/138a/8df1c74989c98c54b9f9a9299a811b2c96b582dd5276400977c125dd6e7b.jpg,스웨터 가디건 Ordifree Autumn Winter Oversized Women Knitted Sweaters and Pullovers T [G00176069],62900
//thumbnail7.coupangcdn.com/thumbnails/remote/230x230ex/image/vendor_inventory/a9da/5aaff7dfb514eea13d0d2cf53b159742735a1ddb40c087f2d167caed0b55.jpeg,스웨터 가디건 Ordifree Autumn Women Sweaters and Pullovers Long Sleeve Knitted Sweate [A00176045],33900
//thumbnail7.coupangcdn.com/thumbnails/remote/230x230ex/image/vendor_inventory/e7ab/3e6ef93780689c3db67adb3f6976a0882407c8a6e791e496116ea2a78a67.jpeg,스웨터 가디건 Ordifree Autumn Winter Women Sweaters and Pullovers Female Jumper Knitt [G00176061],37900
//thumbnail7.coupangcdn.com/thumbnails/remote/230x230ex/image/vendor_inventory/cfe0/eb4ec2c9e93c1e7606bf943b1187e281c2f968a831dc5f1a62fba20a4665.jpeg,G&F 제르시 겨울 장갑 브라운 빨간 양털 안감 큰 사이즈 12켤레,29900
//thumbnail7.coupangcdn.com/thumbnails/remote/230x230ex/image/vendor_inventory/6a83/37efc1c994e0331138be2f5b5ecab8d9b39cd8049a42c38dad6804391d5a.jpg,개량 치파오 2020 새로운 여성 기질 스커트 하이 엔드 숙녀 겨울 스커트 패션 여성,62900
//thumbnail10.coupangcdn.com/thumbnails/remote/230x230ex/image/vendor_inventory/0247/d4cd791b69f54ddfb78cab7acf48d168e9eb0bffd717c971dd92432d90d9.jpg,밍크 머리 수 놓은 술 니트 목도리 여성 긴팔 카디건 두꺼운 하이 엔드 따뜻한 망토 스웨터 판쵸 여성 가을,140900
//thumbnail6.coupangcdn.com/thumbnails/remote/230x230ex/image/vendor_inventory/f384/8be36f7f94ba980e968f8dbd9c48f8698175c9a8449ec77724ed4c627af5.jpg,모든 경기의 왕 100 % 순수 캐시미어 스카프 하이 엔드 숄 클래식 가을과 겨울 따뜻함 남여 니트 턱받이,114900
//img1a.coupangcdn.com/image/coupang/search/blank1x1.gif,글러브 앰프 안전 G158C 그레이 쉐도우 G158 헤비급 니트 글러브 여성 그린팩 12개, 상세페이지 참조",33900
//img1a.coupangcdn.com/image/coupang/search/blank1x1.gif,여성 머플러 목도리 여성 어머니 가을 겨울 모든 경기 중년 및 노인 따뜻함과 두꺼운 겨울 실용적인 스카프,30900
//img1a.coupangcdn.com/image/coupang/search/blank1x1.gif,여성 머플러 목도리 스카프 양 가을과 겨울 어머니의 중년 할머니 할머니 모든 경기 남성 하이 엔드 선물,21900
//img1a.coupangcdn.com/image/coupang/search/blank1x1.gif,여성 머플러 목도리 12 하이 엔드 디지털 스타일 실크 능직 초대형 스퀘어 스카프 실크 스카프 숙녀 봄과,45900
//img1a.coupangcdn.com/image/coupang/search/blank1x1.gif,편안한 스타일 여성의류 Casual Zipper Cardigan Knitted Short Tops And Stretch Knit O-n [S00130898],51900
//img1a.coupangcdn.com/image/coupang/search/blank1x1.gif,여성 털모자 니트 ENJOYFUR women hat and scarf set for girl wool knitted female w [G00123033],22900
//img1a.coupangcdn.com/image/coupang/search/blank1x1.gif,벨벳트레이닝복 여자조거트레이닝세트 니트트레이닝세트 여자땀복 조거팬츠세트 조거세트 여자조거팬츠세트,22900
//img1a.coupangcdn.com/image/coupang/search/blank1x1.gif,겨울엔 따뜻하고 부드러운 고급 스카프 머플러 선물용으로 강력추천,84900
//img1a.coupangcdn.com/image/coupang/search/blank1x1.gif,Space galaxy hoodies 남성/여성 운동복 후드가 달린 3d 브랜드 의류 모자 hoody print paisley nebula jac,29900
//img1a.coupangcdn.com/image/coupang/search/blank1x1.gif,겨울 비니 니트 털모자 Fashion Warm Winter Fur Ball Hat&Scarf Sets For Girls 2 Pieces [A00047547],17900
//img1a.coupangcdn.com/image/coupang/search/blank1x1.gif,Loungeable mix & match soft knit rib oversized 후디 인 오트밀,60900
//img1a.coupangcdn.com/image/coupang/search/blank1x1.gif,MUQIBO 목 칠 사 빅 사이즈 남성복 가을 데 일리 앤 티크 민소매 니 트 남 베 스 루즈 한 핏 뚱뚱 웨 이 드 조끼 블랙 5XL,26900
//img1a.coupangcdn.com/image/coupang/search/blank1x1.gif,클립 블록 버튼 은색 12mm에 맞는 동그란 동그란 소매 단추 4개,14900
//img1a.coupangcdn.com/image/coupang/search/blank1x1.gif,HERYNLRN 레트로 주석 징후 빈티지 스타일 소매치기와 느슨한 여성 금속은 철 실내 및 야외 홈 바 커피 주, Beware Pickpockets and Loose Women12 x 8 INCH",50900
//thumbnail6.coupangcdn.com/thumbnails/remote/230x230ex/image/vendor_inventory/5ed7/74d15e16ce02b053ed31f8ad161fcc71c72cf1525dfdb2692dc57cee789e.jpeg,스웨터 가디건 Ordifree Autumn Women Sweaters and Pullovers Long Sleeve Knitted Sweate [A00176045],33900
//thumbnail9.coupangcdn.com/thumbnails/remote/230x230ex/image/vendor_inventory/b1d2/d591fd98e2de723bfc38a0c5843a023cf14942c55192b8dde48b3396a41a.jpeg,스웨터 가디건 Ordifree Autumn Winter Women Sweaters and Pullovers Female Jumper Knitt [G00176061],37900
//thumbnail7.coupangcdn.com/thumbnails/remote/230x230ex/image/vendor_inventory/427b/41bba7b49377f5e728d745ce43025a52378868b5698c8a71e507a91cfc2f.jpg,술 여성 판쵸 봄 가을 스카프 칼라 박쥐 슬리브 솔리드 여성 캐주얼 스웨터 우아한 니트 착용 여성,75900
//thumbnail8.coupangcdn.com/thumbnails/remote/230x230ex/image/vendor_inventory/5f5e/4ba7f915d6fcc7c9b89aac9b42b87eadea9d372d645f8918ac41290cfae2.jpg,모든 경기의 왕 100 % 순수 캐시미어 스카프 하이 엔드 숄 클래식 가을과 겨울 따뜻함 남여 니트 턱받이,102900
//thumbnail8.coupangcdn.com/thumbnails/remote/230x230ex/image/vendor_inventory/c599/f3b5116d70a2d84dc00f45cb0c1c888491d801ecf429898d9b4ab6e3ded4.jpg,여성 머플러 목도리 스카프 양 가을과 겨울 어머니의 중년 할머니 할머니 모든 경기 남성 하이 엔드 선물,21900
//thumbnail10.coupangcdn.com/thumbnails/remote/230x230ex/image/vendor_inventory/48ea/c02c9748d53fd397ddc7d634da05abc47ed6059aaac7e8a002dddd1568e5.jpg,나팔소매 여자 가디건 여름 파스텔톤 직장인 사무실,23900
//thumbnail6.coupangcdn.com/thumbnails/remote/230x230ex/image/vendor_inventory/beb1/d0a898bcd8c4e858bbff96472b7466f81721cb57c114344c3aef07d3a217.jpg,여성 털모자 니트 ENJOYFUR women hat and scarf set for girl wool knitted female w [G00123033],22900
//thumbnail6.coupangcdn.com/thumbnails/remote/230x230ex/image/vendor_inventory/0b8c/6b1969b8bf6e575bf35021e459af23d5cf1f7142e86d8d984b92c2071fcf.jpeg,편안한 스타일 여성의류 Casual Zipper Cardigan Knitted Short Tops And Stretch Knit O-n [S00130898],51900
//img1a.coupangcdn.com/image/coupang/search/blank1x1.gif,겨울엔 따뜻하고 부드러운 고급 스카프 머플러 선물용으로 강력추천,84900
//img1a.coupangcdn.com/image/coupang/search/blank1x1.gif,니트 H.SA 2020 Women Winter Sweater and Cardigans V neck Button Up Purple Knit Jacket [A00055626],35900
//img1a.coupangcdn.com/image/coupang/search/blank1x1.gif,Space galaxy hoodies 남성/여성 운동복 후드가 달린 3d 브랜드 의류 모자 hoody print paisley nebula jac,29900
//img1a.coupangcdn.com/image/coupang/search/blank1x1.gif,[Alexander McQueen][럭스앤홀릭] 알렉산더맥퀸 462934 RIK13 1090 17F 여성니트,262900
//img1a.coupangcdn.com/image/coupang/search/blank1x1.gif,[Alexander McQueen][럭스앤홀릭] 알렉산더맥퀸 463013 RIK13 1090 여성니트원피스,328900
//thumbnail10.coupangcdn.com/thumbnails/remote/230x230ex/image/vendor_inventory/57dc/42ae99b68c5e29ab393652b56906432bf4d3ee706aea003119c297857ac7.jpeg,스웨터 가디건 Ordifree Autumn Women Sweaters and Pullovers Long Sleeve Knitted Sweate [A00176045],33900
//thumbnail8.coupangcdn.com/thumbnails/remote/230x230ex/image/vendor_inventory/8d2b/130add4a7f2062a9866a15cbe7dd26299038e5862e20fa915af8fdef2b2f.jpeg,스웨터 가디건 Ordifree Autumn Winter Women Sweaters and Pullovers Female Jumper Knitt [G00176061],37900
//thumbnail8.coupangcdn.com/thumbnails/remote/230x230ex/image/vendor_inventory/924d/a631700e7f632bf31a875b664c6316beddd15513134430c84d6bac5c3ab2.jpg,술 여성 판쵸 봄 가을 스카프 칼라 박쥐 슬리브 솔리드 여성 캐주얼 스웨터 우아한 니트 착용 여성,75900
//thumbnail9.coupangcdn.com/thumbnails/remote/230x230ex/image/vendor_inventory/b9ad/09d4701bde2244c3ac143c04a68669242fee22abafab706272fa9f0f0f54.jpg,모든 경기의 왕 100 % 순수 캐시미어 스카프 하이 엔드 숄 클래식 가을과 겨울 따뜻함 남여 니트 턱받이,114900
//thumbnail8.coupangcdn.com/thumbnails/remote/230x230ex/image/vendor_inventory/6d01/ff33405a23c2e85a237bc8a4607b7dd3bdb0364f413636022c04298a7792.jpg,여성 머플러 목도리 스카프 양 가을과 겨울 어머니의 중년 할머니 할머니 모든 경기 남성 하이 엔드 선물,21900
//thumbnail10.coupangcdn.com/thumbnails/remote/230x230ex/image/vendor_inventory/a590/71802070f278c59fdc77cf158b21b747e3876e9edfb29006d67c8f1b9e69.jpg,여성 털모자 니트 ENJOYFUR women hat and scarf set for girl wool knitted female w [G00123033],22900
//thumbnail6.coupangcdn.com/thumbnails/remote/230x230ex/image/vendor_inventory/0b8c/6b1969b8bf6e575bf35021e459af23d5cf1f7142e86d8d984b92c2071fcf.jpeg,편안한 스타일 여성의류 Casual Zipper Cardigan Knitted Short Tops And Stretch Knit O-n [S00130898],51900
//thumbnail8.coupangcdn.com/thumbnails/remote/230x230ex/image/vendor_inventory/345e/247c928082cc15983474a8bee448ca23d3a3d8bb1e6f27769b8eebcce621.jpg,UOV방한용품/듀플렉스넥워머/넥게이트/목도리/겨울용품 + ANWQQRRT_Tamina&Co+TMN0CD14F,2900
//img1a.coupangcdn.com/image/coupang/search/blank1x1.gif,겨울엔 따뜻하고 부드러운 고급 스카프 머플러 선물용으로 강력추천,84900
//img1a.coupangcdn.com/image/coupang/search/blank1x1.gif,Space galaxy hoodies 남성/여성 운동복 후드가 달린 3d 브랜드 의류 모자 hoody print paisley nebula jac,29900
//thumbnail9.coupangcdn.com/thumbnails/remote/230x230ex/image/vendor_inventory/32f3/290d6e0686ef3f2c8353c2e91c83c3e4db058f6815536fe1b1df17948af3.jpeg,스웨터 가디건 Ordifree Autumn Women Sweaters and Pullovers Long Sleeve Knitted Sweate [A00176045],33900
//thumbnail6.coupangcdn.com/thumbnails/remote/230x230ex/image/vendor_inventory/7ed6/139b23b2738f424b085557fd6670cd525077369e4ca2d62af3d341a92b82.jpg,스웨터 가디건 Ordifree Autumn Winter Women Sweaters and Pullovers Female Jumper Knitt [G00176061],37900
//thumbnail6.coupangcdn.com/thumbnails/remote/230x230ex/image/vendor_inventory/08b0/5d770bfe57134bc4b04a9c0ee1e4e673b9f1fc77b5a1c89b7dbaa79edb04.jpg,여성 머플러 목도리 스카프 양 가을과 겨울 어머니의 중년 할머니 할머니 모든 경기 남성 하이 엔드 선물,21900
//thumbnail6.coupangcdn.com/thumbnails/remote/230x230ex/image/vendor_inventory/1704/f681db4bf068b9c077e2ca84510ca483bc811618e85f57e72498250023fc.jpg,여성 털모자 니트 ENJOYFUR women hat and scarf set for girl wool knitted female w [G00123033],22900
//thumbnail6.coupangcdn.com/thumbnails/remote/230x230ex/image/vendor_inventory/0b8c/6b1969b8bf6e575bf35021e459af23d5cf1f7142e86d8d984b92c2071fcf.jpeg,편안한 스타일 여성의류 Casual Zipper Cardigan Knitted Short Tops And Stretch Knit O-n [S00130898],51900
//thumbnail8.coupangcdn.com/thumbnails/remote/230x230ex/image/vendor_inventory/7ac7/829e80f999dea331704a88d6cb397b9a4b9b4734f8739cc56b5129f4bb10.jpg,겨울엔 따뜻하고 부드러운 고급 스카프 머플러 선물용으로 강력추천,84900
//thumbnail9.coupangcdn.com/thumbnails/remote/230x230ex/image/vendor_inventory/cd76/bf3035546b966cbb1605a4f4163cf25173cb840d8cc8cc61804cd0d3850e.jpg,Space galaxy hoodies 남성/여성 운동복 후드가 달린 3d 브랜드 의류 모자 hoody print paisley nebula jac,29900
//thumbnail8.coupangcdn.com/thumbnails/remote/230x230ex/image/vendor_inventory/70b6/dfb447bfb5b04d6c2f0bd664c11707afaf90c02a5eaf930cf89fc31ceb7f.jpg,스웨터 가디건 Ordifree Autumn Winter Women Sweaters and Pullovers Female Jumper Knitt [G00176061],37900
//thumbnail7.coupangcdn.com/thumbnails/remote/230x230ex/image/vendor_inventory/a9da/5aaff7dfb514eea13d0d2cf53b159742735a1ddb40c087f2d167caed0b55.jpeg,스웨터 가디건 Ordifree Autumn Women Sweaters and Pullovers Long Sleeve Knitted Sweate [A00176045],33900
//thumbnail6.coupangcdn.com/thumbnails/remote/230x230ex/image/vendor_inventory/6480/a5f8c77726b927fbaafd4552dd72ab91a982bf61b6c549498d8e191245dd.jpg,여성 머플러 목도리 스카프 양 가을과 겨울 어머니의 중년 할머니 할머니 모든 경기 남성 하이 엔드 선물,21900
//thumbnail8.coupangcdn.com/thumbnails/remote/230x230ex/image/vendor_inventory/61ce/3fc40d9b6a4605bd84eca5fb6e67a8b6275cc0116c6633197f009f07106c.jpeg,여성 털모자 니트 ENJOYFUR women hat and scarf set for girl wool knitted female w [G00123033],44900
//thumbnail8.coupangcdn.com/thumbnails/remote/230x230ex/image/vendor_inventory/1d4d/3e2a35732e1741e3f1962412b5ba2faeb8f823c11033ddeb170f8c036f06.jpeg,편안한 스타일 여성의류 Casual Zipper Cardigan Knitted Short Tops And Stretch Knit O-n [S00130898],45900
//thumbnail6.coupangcdn.com/thumbnails/remote/230x230ex/image/vendor_inventory/cf7f/ab70155a63705fe5d30f98b2b5fe2ea68f1b1e9acf372f2e315e2ae074b5.jpg,겨울엔 따뜻하고 부드러운 고급 스카프 머플러 선물용으로 강력추천,84900
//thumbnail8.coupangcdn.com/thumbnails/remote/230x230ex/image/vendor_inventory/8d4e/b1565f24059ac60c4ee21dd46e785b7f00341cc7dac58c09fcee903a308b.jpg,Space galaxy hoodies 남성/여성 운동복 후드가 달린 3d 브랜드 의류 모자 hoody print paisley nebula jac,29900
//thumbnail6.coupangcdn.com/thumbnails/remote/230x230ex/image/vendor_inventory/c617/5dbdb859ddde8435f932d7a4a9bab47d6193dc1d72e17f4de6bb35936173.jpg,CENTURYBOY 세 렌 디 보이 씨 엔 티 어 리 2020 가을 겨울 나시 조끼 트 드 기모 가 두 꺼 운 남성 민소매 코트 패 딩 M16 블랙 + W 101 3XL,94900
//thumbnail6.coupangcdn.com/thumbnails/remote/230x230ex/image/vendor_inventory/e7ab/3e6ef93780689c3db67adb3f6976a0882407c8a6e791e496116ea2a78a67.jpg,스웨터 가디건 Ordifree Autumn Winter Women Sweaters and Pullovers Female Jumper Knitt [G00176061],37900
//thumbnail8.coupangcdn.com/thumbnails/remote/230x230ex/image/vendor_inventory/158c/c6ae0a25f8c7a0dce2e4aed4ba07e4e68592039cb861dc9f832310689ea7.jpg,꼬미상쩜쓭 감성컬러 캐시미어 머플러 17색 캐시미어 목도리 &^*(^#$#,10900
//thumbnail9.coupangcdn.com/thumbnails/remote/230x230ex/image/vendor_inventory/f73d/99888b572eefeeb4cd48971451bd0172a9c0241abaac19655dbd00107e19.jpg,CCY털부츠 여성부츠 방한화 퍼부츠 방한부츠 니트 KNIT17 + MMDLDDCV_Tamina&Co+TMN25259E,14900
//thumbnail7.coupangcdn.com/thumbnails/remote/230x230ex/image/vendor_inventory/2ec6/9fb4ad7cd88ddb55a32256c3f5cacaab2bde24e77f64eff05e3c4b514661.jpg,여성 머플러 목도리 스카프 양 가을과 겨울 어머니의 중년 할머니 할머니 모든 경기 남성 하이 엔드 선물,21900
//thumbnail8.coupangcdn.com/thumbnails/remote/230x230ex/image/vendor_inventory/1d4d/3e2a35732e1741e3f1962412b5ba2faeb8f823c11033ddeb170f8c036f06.jpeg,편안한 스타일 여성의류 Casual Zipper Cardigan Knitted Short Tops And Stretch Knit O-n [S00130898],51900
//thumbnail8.coupangcdn.com/thumbnails/remote/230x230ex/image/vendor_inventory/6d1c/9921392b52a17fbc84cc56fbc5a021e17472693955dcd22c496059e102bf.jpg,여성 털모자 니트 ENJOYFUR women hat and scarf set for girl wool knitted female w [G00123033],22900
//thumbnail8.coupangcdn.com/thumbnails/remote/230x230ex/image/vendor_inventory/47ab/b46e1f7c7d77f87f1e1bcc1d637efb9f74c6dd6c4ee9648cf7b05208c059.jpg,겨울엔 따뜻하고 부드러운 고급 스카프 머플러 선물용으로 강력추천,84900
//thumbnail10.coupangcdn.com/thumbnails/remote/230x230ex/image/vendor_inventory/0f5b/a772a00ef12722b211372eccb7bf18330610360b8d914d77003452d189f9.jpg,Space galaxy hoodies 남성/여성 운동복 후드가 달린 3d 브랜드 의류 모자 hoody print paisley nebula jac,29900
//img1a.coupangcdn.com/image/coupang/search/blank1x1.gif,[Alexander McQueen][럭스앤홀릭] 알렉산더맥퀸 462934 RIK13 1090 17F 여성니트,262900
//img1a.coupangcdn.com/image/coupang/search/blank1x1.gif,[Alexander McQueen][럭스앤홀릭] 알렉산더맥퀸 472949 RIK51 1160 17F 여성V넥니트,251900
//img1a.coupangcdn.com/image/coupang/search/blank1x1.gif,[Alexander McQueen][럭스앤홀릭] 알렉산더맥퀸 458724 RIK10 1240 17F 여성니트,295900
//thumbnail8.coupangcdn.com/thumbnails/remote/230x230ex/image/vendor_inventory/3edb/f9afd91bcc66dfb2e5b3c449050b5cb0088303b261364568fec4c3b3ce85.jpeg,Mele&Co00741S18 플로렌스 테셀러 패턴 호두 수정자가 들어 있는 플로렌스 주얼리,99900
//thumbnail8.coupangcdn.com/thumbnails/remote/230x230ex/image/vendor_inventory/b1d2/d591fd98e2de723bfc38a0c5843a023cf14942c55192b8dde48b3396a41a.jpg,스웨터 가디건 Ordifree Autumn Winter Women Sweaters and Pullovers Female Jumper Knitt [G00176061],37900
//thumbnail7.coupangcdn.com/thumbnails/remote/230x230ex/image/vendor_inventory/b95a/81c8b8a8535d8f54d3c305182e046b8ff3b60fbf8c58cc972075d06dea72.jpg,새로운 러시아 겨울 여성 꽃 줄무늬 자연 진짜 모피 모자 레이디 따뜻한 니트 정품 렉스 토끼 모피 모자 야,29900
//thumbnail10.coupangcdn.com/thumbnails/remote/230x230ex/image/vendor_inventory/9701/8a8b3aa6b7c2a6e8cc3df5edb248111a94f7777afb706389ab3a47ef689e.jpg,여성 머플러 목도리 스카프 양 가을과 겨울 어머니의 중년 할머니 할머니 모든 경기 남성 하이 엔드 선물,21900
//thumbnail6.coupangcdn.com/thumbnails/remote/230x230ex/image/vendor_inventory/21a6/f36a9b52e030fcefa8b4ccea703e2c6aaf0e0d0116c76d47a182d3b53366.jpeg,여성 털모자 니트 ENJOYFUR Fashion Winter Hat And Scarf Set Women Cashmere Female [G00123026],44900
//thumbnail6.coupangcdn.com/thumbnails/remote/230x230ex/image/vendor_inventory/a691/c8e6ed36643db60d875459e2cc1eba913ef7549c0d34f0344769c2485e8a.jpg,여성 털모자 니트 ENJOYFUR women hat and scarf set for girl wool knitted female w [G00123033],44900
//thumbnail8.coupangcdn.com/thumbnails/remote/230x230ex/image/vendor_inventory/1d4d/3e2a35732e1741e3f1962412b5ba2faeb8f823c11033ddeb170f8c036f06.jpeg,편안한 스타일 여성의류 Casual Zipper Cardigan Knitted Short Tops And Stretch Knit O-n [S00130898],51900
//thumbnail7.coupangcdn.com/thumbnails/remote/230x230ex/image/vendor_inventory/a936/0cd584b570b95388c949fa48418d1922431fbc06faec9eb8a45c8782649d.jpeg,어메이징 민족보이 4~18세 & 허스키 반팔 발진지기 스웨트셔츠,15900
//img1a.coupangcdn.com/image/coupang/search/blank1x1.gif,겨울엔 따뜻하고 부드러운 고급 스카프 머플러 선물용으로 강력추천,84900
//img1a.coupangcdn.com/image/coupang/search/blank1x1.gif,[Moncler][럭스앤홀릭] 몽클레어 D2 093 9050850 9489Y 999 18F 여성니트,548900
//img1a.coupangcdn.com/image/coupang/search/blank1x1.gif,[Balenciaga][럭스앤홀릭] 발렌시아가 518137 T3137 3965 18S 여성니트,878900
//img1a.coupangcdn.com/image/coupang/search/blank1x1.gif,[Balenciaga][럭스앤홀릭] 발렌시아가 518137 T3137 3965 18S 여성니트,878900
//img1a.coupangcdn.com/image/coupang/search/blank1x1.gif,[Balenciaga][럭스앤홀릭] 발렌시아가 518137 T3137 3967 18S 여성니트,878900
//thumbnail10.coupangcdn.com/thumbnails/remote/230x230ex/image/vendor_inventory/6ef1/b739b1558e05ce32f5ac98c0e466fade883cd0b9ddf958e2919f60cd8f7d.jpg,말로 소프트 단가라 반팔니트,25900
//thumbnail6.coupangcdn.com/thumbnails/remote/230x230ex/image/vendor_inventory/8219/483bdb03b400e5a61e26d892d8cf87cd594ae9662a908b4dc5197161827d.jpg,361여성화 19년 가을 신상품 니트 캐주얼 361도 쿠션 쿠션 레깅스 581934401 스모그 퍼플/회색 가루 38,74900
//thumbnail8.coupangcdn.com/thumbnails/remote/230x230ex/image/vendor_inventory/8d2b/130add4a7f2062a9866a15cbe7dd26299038e5862e20fa915af8fdef2b2f.jpg,스웨터 가디건 Ordifree Autumn Winter Women Sweaters and Pullovers Female Jumper Knitt [G00176061],37900
//thumbnail7.coupangcdn.com/thumbnails/remote/230x230ex/image/vendor_inventory/ccd5/c56376ba3ee7e3ef63c2bba72b89dd78b6b2ec7a7af7e92b9473c16b44a9.jpg,[Moncler][럭스앤홀릭] 몽클레어 E2 098 9252700 A9158 985 19F 여성터틀넥니트,517900
//thumbnail6.coupangcdn.com/thumbnails/remote/230x230ex/image/vendor_inventory/e06e/4454e2daf9d61f9f6d2ba978492dfe74c1a8dd52c423f5774d47f3c0c75a.jpg,바운스 라이엇니트 NT2013,5900
//thumbnail6.coupangcdn.com/thumbnails/remote/230x230ex/image/vendor_inventory/93d5/f90ea315c508bb4673d9a5987df1d6761f60e47d1544e784fe3ff914bd9a.jpg,바운스 노바니트T NT2007,5900
//thumbnail10.coupangcdn.com/thumbnails/remote/230x230ex/image/vendor_inventory/55e6/b3ab37ab6615e3f8c505b1791398faa3a60c94097210ccb37992663972f5.jpg,여성 머플러 목도리 스카프 양 가을과 겨울 어머니의 중년 할머니 할머니 모든 경기 남성 하이 엔드 선물,21900
//thumbnail7.coupangcdn.com/thumbnails/remote/230x230ex/image/vendor_inventory/b139/a0ace3a6ac6d93dd4a39cb180cb73dd2649b0cfa1e52b4bc144c63027eab.jpg,CS&BEAUTY Siyimue 소프트 가을 겨울 니트 3 색 레오파드 스카프 여성 따뜻한 목도리,34900
//img1a.coupangcdn.com/image/coupang/search/blank1x1.gif,여성 털모자 니트 ENJOYFUR women hat and scarf set for girl wool knitted female w [G00123033],40900
//img1a.coupangcdn.com/image/coupang/search/blank1x1.gif,편안한 스타일 여성의류 Casual Zipper Cardigan Knitted Short Tops And Stretch Knit O-n [S00130898],51900
//img1a.coupangcdn.com/image/coupang/search/blank1x1.gif,겨울엔 따뜻하고 부드러운 고급 스카프 머플러 선물용으로 강력추천,84900
//img1a.coupangcdn.com/image/coupang/search/blank1x1.gif,[Moncler][럭스앤홀릭] 몽클레어 E2 093 9253900 A9073 089 19F 여성터틀넥니트,768900
//img1a.coupangcdn.com/image/coupang/search/blank1x1.gif,[Givenchy][럭스앤홀릭] 지방시 BW903D4Z2E 004 19S 여성니트,658900
//img1a.coupangcdn.com/image/coupang/search/blank1x1.gif,[Givenchy][럭스앤홀릭] 지방시 BW903D4Z2E 409 19S 여성니트,658900
//img1a.coupangcdn.com/image/coupang/search/blank1x1.gif,[MSGM][럭스앤홀릭] 엠에스지엠 2641MDM132 195265 06 19S 여성니트,284900
//img1a.coupangcdn.com/image/coupang/search/blank1x1.gif,[Moncler][럭스앤홀릭] 몽클레어 E2 093 9252550 A9141 742 19F 여성터틀넥니트,878900
//img1a.coupangcdn.com/image/coupang/search/blank1x1.gif,[Givenchy][럭스앤홀릭] 지방시 BW903D4Z2E 004 19S 여성니트,658900
//img1a.coupangcdn.com/image/coupang/search/blank1x1.gif,[Moncler][럭스앤홀릭] 몽클레어 E2 093 9252550 A9141 999 19F 여성터틀넥니트,878900
//thumbnail7.coupangcdn.com/thumbnails/remote/230x230ex/image/vendor_inventory/9187/0107e9789a95fc85617bc7fd9422a1cc8871ea1f241b718941eae9af3097.jpg,남녀공용 커플 꽈배기 케이블 라운드 니트 22컬러,19900
//thumbnail6.coupangcdn.com/thumbnails/remote/230x230ex/image/vendor_inventory/7ed6/139b23b2738f424b085557fd6670cd525077369e4ca2d62af3d341a92b82.jpg,스웨터 가디건 Ordifree Autumn Winter Women Sweaters and Pullovers Female Jumper Knitt [G00176061],37900
//thumbnail7.coupangcdn.com/thumbnails/remote/230x230ex/image/vendor_inventory/8ae7/6f038818b16ce761d00e2e05841b71035aa589523ca24fcee4623520f569.jpg,20대 30대 직장인 여성 겨울 통소매 니트 가디건,28900
//thumbnail10.coupangcdn.com/thumbnails/remote/230x230ex/image/vendor_inventory/e951/50b459980e1622754de8a91520bad4bc7a0b872e82fecb0cab446f792f91.jpg,레이먼 반팔니트가디건,22900
//thumbnail6.coupangcdn.com/thumbnails/remote/230x230ex/image/vendor_inventory/642e/710d038b57acd231fa8d90dcf61dc423a6b561fc3922daa819fff2cc4ae7.jpg,남녀공용 라운드니트 가디건 세트 고퀄리티 니트세트 10컬러,44900
//thumbnail8.coupangcdn.com/thumbnails/remote/230x230ex/image/vendor_inventory/d283/f47c7c0550de59e0f0b9b6574ae28edb2a717ea53c67e3f528715f7e1b8f.jpg,남녀공용 부드러운 오버핏 고퀄리티 카라 니트 10컬러,24900
//thumbnail6.coupangcdn.com/thumbnails/remote/230x230ex/image/vendor_inventory/315f/d183e5e9227aaaf7e37a7d6b64e68aad479df62aec67cfa7c4871e92f370.png,데일리 결혼식 가방 여성 카라넥니트랑 같이코디 함께하이 엔드 스팽글,22900
//thumbnail10.coupangcdn.com/thumbnails/remote/230x230ex/image/vendor_inventory/920e/d64386a07613bf03e2ef1edb9ee2f59eac87b568aec09bb3bab2b656fe28.jpg,여리 브이넥 니트 가디건,8900
//img1a.coupangcdn.com/image/coupang/search/blank1x1.gif,여성 머플러 목도리 스카프 양 가을과 겨울 어머니의 중년 할머니 할머니 모든 경기 남성 하이 엔드 선물,21900
//img1a.coupangcdn.com/image/coupang/search/blank1x1.gif,블루앤스토어 니트 숄더백 여성가방,32900
//img1a.coupangcdn.com/image/coupang/search/blank1x1.gif,편안한 스타일 여성의류 Casual Zipper Cardigan Knitted Short Tops And Stretch Knit O-n [S00130898],51900
//img1a.coupangcdn.com/image/coupang/search/blank1x1.gif,단가라 레이어드 반팔티셔츠 남녀공용 오버핏 M-2XL,10900
//img1a.coupangcdn.com/image/coupang/search/blank1x1.gif,바니앤버니 페이지 시밀러룩,58900
//img1a.coupangcdn.com/image/coupang/search/blank1x1.gif,Farway 보헤미아 캔버스 드로 스트링 백 민족 니트 가방 쇼핑 자루 백 남녀 공용 블랙 & 화이트,79900
//img1a.coupangcdn.com/image/coupang/search/blank1x1.gif,QYD193005체력증진수영복 입기 여성 (A-30) 좋은 나나B 수영장에서 자연인,51900
//img1a.coupangcdn.com/image/coupang/search/blank1x1.gif,겨울 털귀마개 학생 자전거 따뜻한 크리스마스 데이트,21900
//img1a.coupangcdn.com/image/coupang/search/blank1x1.gif,미니 호보 버킷 텀블러 와유 초 백 가방 새들 니트 천,24900
//img1a.coupangcdn.com/image/coupang/search/blank1x1.gif,겨울 니트 천 사각 대형 스퀘어 버킷 네트 백 가방,24900
//img1a.coupangcdn.com/image/coupang/search/blank1x1.gif,니트 모칠라 네트 플리츠 호보 스퀘어 사각 가방 백,35900
//img1a.coupangcdn.com/image/coupang/search/blank1x1.gif,원통 버킷 복 주머니 조리 가방 백 에코 니트 네트,32900
//img1a.coupangcdn.com/image/coupang/search/blank1x1.gif,스퀘어 니트 네트 손 뜨개 에코 가방 백 뱀부,28900
//img1a.coupangcdn.com/image/coupang/search/blank1x1.gif,등산에 맞춤 인파라 등산양말 여자패션양말 여자중목양말 20대,7900
//img1a.coupangcdn.com/image/coupang/search/blank1x1.gif,새로운 따뜻한 하이 엔드 한국 스타일 이중 사용 목도리,40900
//img1a.coupangcdn.com/image/coupang/search/blank1x1.gif,남성 캐주얼 스포츠 짧은양말 생일선물 컬러양말 여자중목양말,3900
//img1a.coupangcdn.com/image/coupang/search/blank1x1.gif,[Balenciaga][럭스앤홀릭] 발렌시아가 620983 T1567 9113 20S 여성니트,1,319900
//img1a.coupangcdn.com/image/coupang/search/blank1x1.gif,[Moncler][럭스앤홀릭] 구찌 598875 XJCCE 1082 20S 여성긴팔,1,648900
//img1a.coupangcdn.com/image/coupang/search/blank1x1.gif,C.C 독점 케이블 니트 비니 두꺼운 소프트 & 땅딸막 한 비니 모자 HAT-20A를 따뜻하게 (HAT-30) (HAT-730,50900
//thumbnail10.coupangcdn.com/thumbnails/remote/230x230ex/image/vendor_inventory/3fcd/5d73200ee5ee12845a04d60d7eb3205938a241decd6d6d4f9e70806ade29.jpg,여성 머플러 목도리 스카프 양 가을과 겨울 어머니의 중년 할머니 할머니 모든 경기 남성 하이 엔드 선물,21900
//thumbnail8.coupangcdn.com/thumbnails/remote/230x230ex/image/vendor_inventory/20ec/5b5fffbdcc1e8389ffa32b7e4aacf38ecac0ad1f2ce9d8842964d17dac0b.jpg,꼬미상점쓭 스카프 머플러 목도리 캐시미어머플러 21색 250g $@~&^#^&^,6900
//thumbnail7.coupangcdn.com/thumbnails/remote/230x230ex/image/vendor_inventory/cd84/fced666d9421a0f7f74b17e83e9991801e1c0a548348b07b7f3025166d84.jpg,리얼 FUR 토끼털머플러 21번 + RRMZNULP_타미나앤코+TMN276799,21900
//thumbnail9.coupangcdn.com/thumbnails/remote/230x230ex/image/vendor_inventory/f389/6eeba7be99f7628749131f6eba98f8e8c152dfb8f8f35b4ae04ab9f05c48.jpg,X & J 브랜드 트 렌치 코트 녀 2020 봄 가을 품 긴팔 더 블 버튼 중 롱 블랙 슬 림 핏 한 브 리 티 시 룩 L,101900
//thumbnail7.coupangcdn.com/thumbnails/remote/230x230ex/image/vendor_inventory/d8b5/f2ebd2bee75f0bf08901f29a22c52e08b7696506fa4cdc3b99a7f56cf43d.jpeg,남성용 스웨터용 작은 홈넥 s,37900
//thumbnail7.coupangcdn.com/thumbnails/remote/230x230ex/image/vendor_inventory/9187/0107e9789a95fc85617bc7fd9422a1cc8871ea1f241b718941eae9af3097.jpg,남녀공용 커플 꽈배기 케이블 라운드 니트 22컬러,19900
//thumbnail6.coupangcdn.com/thumbnails/remote/230x230ex/image/vendor_inventory/9ad5/dbe2cc6cc53264fc031c577f2ad5bde2e0dc5e65f7114c727a24cc1aad31.jpg,여성 머플러 목도리 스카프 양 가을과 겨울 어머니의 중년 할머니 할머니 모든 경기 남성 하이 엔드 선물,21900
//thumbnail6.coupangcdn.com/thumbnails/remote/230x230ex/image/vendor_inventory/6e88/fc5781c1579ee0f3b7140c6ff88e591c5f6d1eda2ce177bf2d045e46a32e.jpg,[셀렉슈] LO6 스웨이드 니트 블로퍼,43900
//thumbnail6.coupangcdn.com/thumbnails/remote/230x230ex/image/vendor_inventory/6e88/fc5781c1579ee0f3b7140c6ff88e591c5f6d1eda2ce177bf2d045e46a32e.jpg,[셀렉슈] LO6 스웨이드 니트 블로퍼,43900
//thumbnail9.coupangcdn.com/thumbnails/remote/230x230ex/image/vendor_inventory/415a/50f968602452a9960d0f47781fcb174f501f74746bd7a6e9ea32ebc137e6.jpg,여성 머플러 목도리 스카프 양 가을과 겨울 어머니의 중년 할머니 할머니 모든 경기 남성 하이 엔드 선물,21900
//thumbnail7.coupangcdn.com/thumbnails/remote/230x230ex/image/vendor_inventory/25fd/574ec632dd6de6c6263286dc2cda1043236c109ec93aeac7ddb05969daa3.jpg,여성 털모자 니트 ENJOYFUR women hat and scarf set for girl wool knitted female w [G00123033],44900
//thumbnail10.coupangcdn.com/thumbnails/remote/230x230ex/image/vendor_inventory/aa8e/02bb4de78ac70183d2fcd0af9b5dc3d19f7c8aec1fbeed039e4945597b36.jpeg,여성 털모자 니트 ENJOYFUR Fashion Winter Hat And Scarf Set Women Cashmere Female [G00123026],44900
//thumbnail9.coupangcdn.com/thumbnails/remote/230x230ex/image/vendor_inventory/f0d7/673b7e4efcdc5d46586a55ac65c1433273fb572930a455d8fe8e0b10c7d4.jpg,[Christian Dior]테크니컬 니트 워크앤디올 KCK231TLCS 900 여자 스니커즈,954900
//thumbnail7.coupangcdn.com/thumbnails/remote/230x230ex/image/vendor_inventory/4fc6/59b6b01346d6629dd4badfe8ef3ee5e19d074ec8cb5f0cff7058f740062b.jpg,WC사슴 캡 모자 겨울 여성 뜨게 니트 기모 방울 챙 모자 + LWDDIAHB_타미나앤코+TMN24F436,6900
//thumbnail9.coupangcdn.com/thumbnails/remote/230x230ex/image/vendor_inventory/2b00/a27dc7caec5311f14cabfd202769e52d1fb397961d092f4e6e555b75fb35.jpeg,팜피 테셀레이션 무늬와 니트 손목 장갑 한 개당 24마리 한 쌍당 1쌍,177900
//thumbnail7.coupangcdn.com/thumbnails/remote/230x230ex/image/vendor_inventory/a781/07ff189952aba8f71ba9a835737e4de731030c997c96dba914874978f145.jpg,여성 머플러 목도리 스카프 양 가을과 겨울 어머니의 중년 할머니 할머니 모든 경기 남성 하이 엔드 선물,21900
//thumbnail8.coupangcdn.com/thumbnails/remote/230x230ex/image/vendor_inventory/5cc1/8fa4a72698d124da8b40a75ec04e4379a2b034ffb532366e19d4b60e02ee.jpg,WPP양가죽 스웨이드 여자장갑 + ETQQKRIG_타미나앤코+TMN0CA862,38900
//thumbnail9.coupangcdn.com/thumbnails/remote/230x230ex/image/vendor_inventory/cd71/5e95eac241f5cb0b3258ef0804b4f9f722db61fd0a85c6af2cb10b6a8930.jpg,여성 털모자 니트 ENJOYFUR women hat and scarf set for girl wool knitted female w [G00123033],40900
//thumbnail10.coupangcdn.com/thumbnails/remote/230x230ex/image/vendor_inventory/2ef8/bd294d870ade0188a2d344647c145c3c4dca5a96a93629b26f3505689a73.jpg,others 십자가 목걸이 남녀 쇄골 925 은 기념 코 비 펜던트 24 호 만 바 롱 니 트 체인 맞 춤 형 레 터 로즈 골 드 티타늄 구리 장미,54900
//thumbnail6.coupangcdn.com/thumbnails/remote/230x230ex/image/vendor_inventory/c9e7/4444cd9deef815a103b032d60f332053d8f3237c4ffcf3625e09aaaacfb8.jpg,마켓메이트 라운드넥 캐시미어 니트 15컬러 여성 베이직 간절기 가을 겨울 봄 여자 기본니트,22900
//thumbnail6.coupangcdn.com/thumbnails/remote/230x230ex/image/retail/images/8404309041487-7f176d4f-6fbd-402d-b040-752d7655f977.jpg,제니트 여성용 부드러운 비스코스 윌스보들라운드 니트,16900
//thumbnail6.coupangcdn.com/thumbnails/remote/230x230ex/image/rs_quotation_api/qoclupn9/d3fdc78db16f4f5ba6fb6b54bbd68d83.jpg,제니트 여성용 슬림핏 단추 브이넥 니트,15900
//thumbnail10.coupangcdn.com/thumbnails/remote/230x230ex/image/vendor_inventory/d12f/367f5dd3c4a9b04b3ad2918ae4ffaa5890d4ec6d7778a87fd92152a17a78.jpg,상상그이상 여성용 촉감왕 기본 브이넥 캐시미어 니트,19900
//thumbnail7.coupangcdn.com/thumbnails/remote/230x230ex/image/vendor_inventory/c02f/f637b652d8431f8fa99cdda8a39186eeb971b5366a169aa672fe5bf1bc9b.jpg,0 velys 2type 컬러 브이넥 니트 티셔츠 CJT0180,6900
//thumbnail9.coupangcdn.com/thumbnails/remote/230x230ex/image/vendor_inventory/fcb8/4c040158cb0a9b80f109dd244073d305b8f4b37b690bf47c4929cac97e36.jpg,바운스 레너니트 NT2029,4900
//thumbnail7.coupangcdn.com/thumbnails/remote/230x230ex/image/retail/images/2021/01/27/18/0/e1b7afc4-89f4-44d3-a68e-3140092e1c24.jpg,제니트 여성용 망고트리니트,14900
//thumbnail9.coupangcdn.com/thumbnails/remote/230x230ex/image/retail/images/608235844567554-0990b716-deaf-46fe-b562-24681a8f0f47.jpg,캐럿 여성용 카라 스웨터,16900
//img1a.coupangcdn.com/image/coupang/search/blank1x1.gif,[오플][적립10%]더엣지 SS 글리터 볼륨 니트 블라우스 4종,79900
//img1a.coupangcdn.com/image/coupang/search/blank1x1.gif,제니트 봄 가을 루즈핏 여성 기본 브이넥 예쁜 니트 니트티 가을니트,13900
//img1a.coupangcdn.com/image/coupang/search/blank1x1.gif,제니트 가을 봄 여성 기본 라운드 니트 여성니트 가을니트 니트티,12900
//img1a.coupangcdn.com/image/coupang/search/blank1x1.gif,제니트 부드러운 촉감 브이넥 니트 가을 봄 여성,16900
//img1a.coupangcdn.com/image/coupang/search/blank1x1.gif,제니트 여성용 기본핏 라운드넥 골지 샤링셔링소매 니트,19900
//img1a.coupangcdn.com/image/coupang/search/blank1x1.gif,캐럿 여성용 모크넥 스웨터,15900
//img1a.coupangcdn.com/image/coupang/search/blank1x1.gif,캐럿 여성용 브이넥 롱 스웨터,14900
//img1a.coupangcdn.com/image/coupang/search/blank1x1.gif,타니즈 오픈숄더 스퀘어넥 에이블 여성니트,19900
//img1a.coupangcdn.com/image/coupang/search/blank1x1.gif,바이단미 여성용 봄신상 루즈핏 입술넥 보트넥 언발 니트,18900
//img1a.coupangcdn.com/image/coupang/search/blank1x1.gif,제니트 여성용 베이직 캐시미어 브이넥 니트,22900
//img1a.coupangcdn.com/image/coupang/search/blank1x1.gif,캐럿 여성용 목폴라 터틀넥 니트 스웨터,14900
//img1a.coupangcdn.com/image/coupang/search/blank1x1.gif,제니트 가을 봄 여성 루즈핏 퍼프소매 카라 니트 여성니트 봄니트 가을니트,18900
//img1a.coupangcdn.com/image/coupang/search/blank1x1.gif,캐럿 여성용 브이넥 니트,16900
//img1a.coupangcdn.com/image/coupang/search/blank1x1.gif,타니즈 제르미 브이넥 오버핏 여성 니트 티,17900
//img1a.coupangcdn.com/image/coupang/search/blank1x1.gif,캐럿 여성용 스트라이프 스웨터,14900
//img1a.coupangcdn.com/image/coupang/search/blank1x1.gif,제니트 여성용 기본핏 베이직 페일라운드 니트,17900
//img1a.coupangcdn.com/image/coupang/search/blank1x1.gif,바이단미 여성용 간절기 봄 파스텔 벌룬 루즈핏 니트,19900
//img1a.coupangcdn.com/image/coupang/search/blank1x1.gif,공블리 여성용 V넥 베이직 니트,11900
//img1a.coupangcdn.com/image/coupang/search/blank1x1.gif,캐럿 여성용 믹스 패턴 니트,14900
//img1a.coupangcdn.com/image/coupang/search/blank1x1.gif,데일로엔 여성용 컬러 배색 팔꿈치 패치 포인트 라운드 긴팔 니트,13900
//img1a.coupangcdn.com/image/coupang/search/blank1x1.gif,상상그이상 여성용 자수 레이스 카라 니트,20900
//img1a.coupangcdn.com/image/coupang/search/blank1x1.gif,캐럿 여성용 반목 청키 스웨터,19900
//img1a.coupangcdn.com/image/coupang/search/blank1x1.gif,바이단미 여성용 봄 니트 부드러운 캐시미어 라운드넥,19900
//img1a.coupangcdn.com/image/coupang/search/blank1x1.gif,제니트 꽈배기 크롭 봄 가을 루즈핏 여성 기본 브이넥 니트,13900
//img1a.coupangcdn.com/image/coupang/search/blank1x1.gif,캐럿 여성용 터틀넥 롱 스웨터,18900
//img1a.coupangcdn.com/image/coupang/search/blank1x1.gif,마켓메이트 라운드넥 캐시미어 니트 15컬러 여성 베이직 간절기 가을 겨울 봄 여자 기본니트,22900
//img1a.coupangcdn.com/image/coupang/search/blank1x1.gif,캐럿 여성용 브이넥 꽈배기 스웨터,15900
//img1a.coupangcdn.com/image/coupang/search/blank1x1.gif,타니즈 니모 브이넥 트위드 니트 가디건,19900
//thumbnail8.coupangcdn.com/thumbnails/remote/230x230ex/image/vendor_inventory/bd56/fbcceff56ccf1d4b012c76e43256b1d23cea387594f831b7a62fe303a3a4.jpg,여성 머플러 목도리 스카프 양 가을과 겨울 어머니의 중년 할머니 할머니 모든 경기 남성 하이 엔드 선물,21900
//thumbnail7.coupangcdn.com/thumbnails/remote/230x230ex/image/vendor_inventory/3eb2/2ffc9845cc144dec0c9df8dccfbbe6360f8a13df70eab1dbe3841e808189.jpg,Mark & Lona 여자 골프 스커트 테니스 스포츠 의류,124900
//thumbnail10.coupangcdn.com/thumbnails/remote/230x230ex/image/vendor_inventory/c0e5/dcb7ef2468be9e1a3386589580dac1f2c30c2df61f6dc73d14983e140c7d.jpg,ZEU삼색 눈꽃 니트장갑 + ZLPCMMFF_Tamina&Co+TMN27E1EB,4900
//thumbnail9.coupangcdn.com/thumbnails/remote/230x230ex/image/vendor_inventory/41b1/7ea6b9198c96470e74c5adfba106d1167ed67e93660fc53f424d3e496214.jpg,Peach Couture 비비안 & 빈센트 여성의 크리스마스 크리스마스 소프트 롱 따뜻한 겨울 니트 스카프,42900
//thumbnail9.coupangcdn.com/thumbnails/remote/230x230ex/image/vendor_inventory/6040/5254043ed39e458c4650efda321b1817c64cd6858484e9098f9b758af43b.jpg,SJJ군용 디지털 뱅키드 폰터치 방수장갑 + MWYQNQJR_Tamina&Co+TMN27D484,16900
